X_2031374_PashchimChamparan_2030164_PashchimChamparan_Rice	1915.5999999999995
X_2031374_PashchimChamparan_2030397_PashchimChamparan_Rice	3817.08
X_2031374_PashchimChamparan_2030400_PashchimChamparan_Rice	8020.11
X_2031374_PashchimChamparan_2030401_PashchimChamparan_Rice	7561.62
X_2031375_PashchimChamparan_2030164_PashchimChamparan_Rice	4712.43
X_2031375_PashchimChamparan_2030167_PashchimChamparan_Rice	4478.25
X_2031375_PashchimChamparan_2030171_PashchimChamparan_Rice	1370.19
X_2031375_PashchimChamparan_2030398_PashchimChamparan_Rice	4296.23
X_2031375_PashchimChamparan_2030399_PashchimChamparan_Rice	4160.44
X_2031375_PashchimChamparan_2040291_PurbiChamparan_Rice	88.97000000000435
X_2031375_PashchimChamparan_2180110_Siwan_Rice	2207.899999999996
X_2031376_PashchimChamparan_2030165_PashchimChamparan_Rice	8575.26
X_2031376_PashchimChamparan_2030168_PashchimChamparan_Rice	3748.88
X_2031376_PashchimChamparan_2030397_PashchimChamparan_Rice	4510.99
X_2031376_PashchimChamparan_2030429_PashchimChamparan_Rice	4479.28
X_2031377_PashchimChamparan_2030166_PashchimChamparan_Rice	5652.56
X_2031377_PashchimChamparan_2030170_PashchimChamparan_Rice	7491.39
X_2031377_PashchimChamparan_2030396_PashchimChamparan_Rice	8170.46
X_2031379_PashchimChamparan_2030163_PashchimChamparan_Rice	7931.65
X_2031379_PashchimChamparan_2030168_PashchimChamparan_Rice	867.6700000000001
X_2031379_PashchimChamparan_2030169_PashchimChamparan_Rice	11688.23
X_2031379_PashchimChamparan_2030396_PashchimChamparan_Rice	826.8300000000008
X_2041397_PurbiChamparan_2040280_PurbiChamparan_Rice	1207.1799999999994
X_2041397_PurbiChamparan_2040288_PurbiChamparan_Rice	3493.79
X_2041397_PurbiChamparan_2040293_PurbiChamparan_Rice	4620.0
X_2041397_PurbiChamparan_2040460_PurbiChamparan_Rice	4902.91
X_2041398_PurbiChamparan_2040283_PurbiChamparan_Rice	8648.52
X_2041398_PurbiChamparan_2040291_PurbiChamparan_Rice	2885.8199999999997
X_2041398_PurbiChamparan_2040461_PurbiChamparan_Rice	2689.54
X_2041399_PurbiChamparan_2040280_PurbiChamparan_Rice	129.85000000000264
X_2041399_PurbiChamparan_2040291_PurbiChamparan_Rice	2813.3199999999956
X_2041399_PurbiChamparan_2040292_PurbiChamparan_Rice	5992.92
X_2041399_PurbiChamparan_2040297_PurbiChamparan_Rice	5287.790000000001
X_2041400_PurbiChamparan_2040285_PurbiChamparan_Rice	8052.95
X_2041400_PurbiChamparan_2040291_PurbiChamparan_Rice	193.80000000000018
X_2041400_PurbiChamparan_2040296_PurbiChamparan_Rice	5977.13
X_2041401_PurbiChamparan_2040280_PurbiChamparan_Rice	1659.909999999998
X_2041401_PurbiChamparan_2040281_PurbiChamparan_Rice	4331.9
X_2041401_PurbiChamparan_2040282_PurbiChamparan_Rice	5678.91
X_2041401_PurbiChamparan_2040284_PurbiChamparan_Rice	2475.89
X_2041401_PurbiChamparan_2040287_PurbiChamparan_Rice	77.27000000000226
X_2041402_PurbiChamparan_2040286_PurbiChamparan_Rice	3568.9
X_2041402_PurbiChamparan_2040287_PurbiChamparan_Rice	8415.729999999998
X_2041402_PurbiChamparan_2040426_PurbiChamparan_Rice	2239.250000000002
X_2041403_PurbiChamparan_2040290_PurbiChamparan_Rice	1039.4799999999987
X_2041403_PurbiChamparan_2040349_PurbiChamparan_Rice	7190.1
X_2041403_PurbiChamparan_2040451_PurbiChamparan_Rice	5994.3
X_2041404_PurbiChamparan_2040289_PurbiChamparan_Rice	7498.01
X_2041404_PurbiChamparan_2040426_PurbiChamparan_Rice	6725.869999999999
X_2041405_PurbiChamparan_2040290_PurbiChamparan_Rice	10371.61
X_2041405_PurbiChamparan_2040297_PurbiChamparan_Rice	3852.2699999999986
X_2041406_PurbiChamparan_2040294_PurbiChamparan_Rice	5998.33
X_2041406_PurbiChamparan_2040295_PurbiChamparan_Rice	3816.0
X_2041406_PurbiChamparan_2040349_PurbiChamparan_Rice	2121.8500000000004
X_2041406_PurbiChamparan_2040350_PurbiChamparan_Rice	2287.51
X_2051482_Sheohar_2050100_Sheohar_Rice	1141.5799999999995
X_2051482_Sheohar_2050393_Sheohar_Rice	109.17
X_2051482_Sheohar_2050394_Sheohar_Rice	1072.3600000000006
X_2051483_Sheohar_2050394_Sheohar_Rice	2323.12
X_2051484_Sheohar_2050100_Sheohar_Rice	2323.12
X_2051485_Sheohar_2050394_Sheohar_Rice	2323.12
X_2051486_Sheohar_2050394_Sheohar_Rice	2323.12
X_2051487_Sheohar_2050394_Sheohar_Rice	2323.12
X_2051488_Sheohar_2050101_Sheohar_Rice	2323.12
X_2051489_Sheohar_2050100_Sheohar_Rice	1970.9600000000005
X_2051489_Sheohar_2050101_Sheohar_Rice	352.1599999999994
X_2061490_Sitamarhi_2060322_Sitamarhi_Rice	1582.5400000000027
X_2061490_Sitamarhi_2060329_Sitamarhi_Rice	6486.99
X_2061490_Sitamarhi_2060382_Sitamarhi_Rice	5987.94
X_2061490_Sitamarhi_2060387_Sitamarhi_Rice	5351.91
X_2061491_Sitamarhi_2060323_Sitamarhi_Rice	9650.2
X_2061491_Sitamarhi_2060327_Sitamarhi_Rice	6684.88
X_2061491_Sitamarhi_2060328_Sitamarhi_Rice	3074.2999999999984
X_2061492_Sitamarhi_2060324_Sitamarhi_Rice	9911.51
X_2061492_Sitamarhi_2060330_Sitamarhi_Rice	4292.290000000001
X_2061492_Sitamarhi_2060383_Sitamarhi_Rice	5205.58
X_2061493_Sitamarhi_2060325_Sitamarhi_Rice	6791.37
X_2061493_Sitamarhi_2060328_Sitamarhi_Rice	6770.070000000002
X_2061493_Sitamarhi_2060330_Sitamarhi_Rice	1968.5499999999993
X_2061493_Sitamarhi_2060384_Sitamarhi_Rice	3879.39
X_2061494_Sitamarhi_2060322_Sitamarhi_Rice	3744.029999999997
X_2061494_Sitamarhi_2060323_Sitamarhi_Rice	4816.269999999999
X_2061494_Sitamarhi_2060326_Sitamarhi_Rice	10849.080000000005
X_2071323_Madhubani_2070265_Madhubani_Rice	6669.31
X_2071323_Madhubani_2070266_Madhubani_Rice	8939.07
X_2071323_Madhubani_2070267_Madhubani_Rice	3838.290000000002
X_2071323_Madhubani_2070269_Madhubani_Rice	3854.11
X_2071323_Madhubani_2070270_Madhubani_Rice	5817.3
X_2071323_Madhubani_2070276_Madhubani_Rice	4063.61
X_2071324_Madhubani_2070267_Madhubani_Rice	4729.570000000011
X_2071324_Madhubani_2070268_Madhubani_Rice	9294.24
X_2071324_Madhubani_2070272_Madhubani_Rice	41.369999999993524
X_2071324_Madhubani_2070278_Madhubani_Rice	10614.48
X_2071324_Madhubani_2070279_Madhubani_Rice	8502.03
X_2071325_Madhubani_2070263_Madhubani_Rice	5998.9
X_2071325_Madhubani_2070264_Madhubani_Rice	524.3500000000067
X_2071325_Madhubani_2070271_Madhubani_Rice	7492.03
X_2071325_Madhubani_2070274_Madhubani_Rice	2997.82
X_2071325_Madhubani_2070275_Madhubani_Rice	8974.81
X_2071325_Madhubani_2070388_Madhubani_Rice	7193.78
X_2071327_Madhubani_2070264_Madhubani_Rice	4901.469999999993
X_2071327_Madhubani_2070272_Madhubani_Rice	6353.260000000007
X_2071327_Madhubani_2070273_Madhubani_Rice	7800.32
X_2071327_Madhubani_2070277_Madhubani_Rice	10220.06
X_2071327_Madhubani_2070389_Madhubani_Rice	3906.45
X_2081515_Supaul_2080121_Supaul_Rice	114.41000000000076
X_2081515_Supaul_2080128_Supaul_Rice	7955.69
X_2081516_Supaul_2080119_Supaul_Rice	7138.429999999999
X_2081516_Supaul_2080120_Supaul_Rice	931.670000000001
X_2081518_Supaul_2080124_Supaul_Rice	2956.5200000000004
X_2081518_Supaul_2080129_Supaul_Rice	5113.58
X_2081519_Supaul_2080119_Supaul_Rice	350.10000000000036
X_2081519_Supaul_2090348_Araria_Rice	7720.0
X_2081521_Supaul_2080126_Supaul_Rice	8070.1
X_2081522_Supaul_2080123_Supaul_Rice	1556.2700000000004
X_2081522_Supaul_2080124_Supaul_Rice	1993.3599999999988
X_2081522_Supaul_2080126_Supaul_Rice	4520.52
X_2081523_Supaul_2080120_Supaul_Rice	8066.089999999999
X_2081523_Supaul_2080124_Supaul_Rice	4.010000000001128
X_2081524_Supaul_2080123_Supaul_Rice	8070.1
X_2091102_Araria_2090338_Araria_Rice	8181.81
X_2091103_Araria_2090131_Araria_Rice	686.1900000000014
X_2091103_Araria_2090337_Araria_Rice	7495.619999999999
X_2091104_Araria_2090131_Araria_Rice	8181.81
X_2091105_Araria_2090335_Araria_Rice	8181.81
X_2091107_Araria_2090130_Araria_Rice	213.15999999999622
X_2091107_Araria_2090375_Araria_Rice	7968.650000000004
X_2091109_Araria_2090130_Araria_Rice	8181.81
X_2091110_Araria_2090130_Araria_Rice	288.70000000000346
X_2091110_Araria_2090131_Araria_Rice	5340.979999999998
X_2091110_Araria_2090335_Araria_Rice	1740.8000000000002
X_2091110_Araria_2090338_Araria_Rice	811.329999999999
X_2091112_Araria_2090336_Araria_Rice	2142.140000000001
X_2091112_Araria_2090337_Araria_Rice	2343.1200000000003
X_2091112_Araria_2090348_Araria_Rice	3696.5499999999993
X_2101291_Kishanganj_2100256_Kishanganj_Rice	749.4299999999985
X_2101291_Kishanganj_2100341_Kishanganj_Rice	7752.5700000000015
X_2101292_Kishanganj_2100339_Kishanganj_Rice	5428.99
X_2101292_Kishanganj_2100340_Kishanganj_Rice	397.53000000000065
X_2101292_Kishanganj_2100341_Kishanganj_Rice	2675.4799999999996
X_2101293_Kishanganj_2100340_Kishanganj_Rice	8502.0
X_2101294_Kishanganj_2100254_Kishanganj_Rice	8399.61
X_2101294_Kishanganj_2100341_Kishanganj_Rice	102.38999999999942
X_2101295_Kishanganj_2100255_Kishanganj_Rice	8502.0
X_2101296_Kishanganj_2100255_Kishanganj_Rice	847.1000000000004
X_2101296_Kishanganj_2100256_Kishanganj_Rice	1454.63
X_2101296_Kishanganj_2100333_Kishanganj_Rice	6200.19
X_2111407_Purnia_2110045_Purnia_Rice	7475.07
X_2111407_Purnia_2110048_Purnia_Rice	2280.6400000000103
X_2111407_Purnia_2110466_Purnia_Rice	4919.289999999994
X_2111407_Purnia_2120346_Katihar_Rice	4254.329999999997
X_2111408_Purnia_2110047_Purnia_Rice	11705.43
X_2111408_Purnia_2110403_Purnia_Rice	5839.38
X_2111408_Purnia_2110465_Purnia_Rice	1384.5200000000004
X_2111409_Purnia_2090375_Araria_Rice	2828.4299999999957
X_2111409_Purnia_2110342_Purnia_Rice	5993.87
X_2111409_Purnia_2110452_Purnia_Rice	7473.09
X_2111409_Purnia_2110466_Purnia_Rice	2633.940000000006
X_2111410_Purnia_2110048_Purnia_Rice	7133.659999999989
X_2111410_Purnia_2110050_Purnia_Rice	4910.31
X_2111410_Purnia_2110052_Purnia_Rice	2610.6100000000115
X_2111410_Purnia_2110422_Purnia_Rice	4274.75
X_2111411_Purnia_2090336_Araria_Rice	3537.769999999998
X_2111411_Purnia_2110046_Purnia_Rice	8996.04
X_2111411_Purnia_2110049_Purnia_Rice	4789.0
X_2111411_Purnia_2110465_Purnia_Rice	1606.5399999999995
X_2121286_Katihar_2120240_Katihar_Rice	11988.0
X_2121286_Katihar_2120241_Katihar_Rice	1227.1100000000042
X_2121286_Katihar_2120242_Katihar_Rice	7195.45
X_2121286_Katihar_2120244_Katihar_Rice	11973.63
X_2121286_Katihar_2120247_Katihar_Rice	5983.79
X_2121286_Katihar_2120345_Katihar_Rice	5401.39
X_2121288_Katihar_2120241_Katihar_Rice	5698.569999999996
X_2121288_Katihar_2120243_Katihar_Rice	4417.12
X_2121288_Katihar_2120245_Katihar_Rice	7327.26
X_2121288_Katihar_2120246_Katihar_Rice	7078.9
X_2121288_Katihar_2120248_Katihar_Rice	8742.14
X_2121288_Katihar_2120346_Katihar_Rice	3193.480000000003
X_2121288_Katihar_2120456_Katihar_Rice	2999.13
X_2121288_Katihar_2120459_Katihar_Rice	4312.71
X_2131306_Madhepura_2090336_Araria_Rice	1817.9800000000014
X_2131306_Madhepura_2130262_Madhepura_Rice	1776.1899999999987
X_2131307_Madhepura_2130261_Madhepura_Rice	2143.17
X_2131307_Madhepura_2130407_Madhepura_Rice	1451.0
X_2131308_Madhepura_2130260_Madhepura_Rice	3119.44
X_2131308_Madhepura_2130415_Madhepura_Rice	474.73
X_2131309_Madhepura_2130406_Madhepura_Rice	302.22999999999956
X_2131309_Madhepura_2130415_Madhepura_Rice	3291.9400000000005
X_2131310_Madhepura_2130406_Madhepura_Rice	3594.17
X_2131311_Madhepura_2130407_Madhepura_Rice	3594.17
X_2131312_Madhepura_2130453_Madhepura_Rice	3594.17
X_2131313_Saharsa_2140409_Saharsa_Rice	7093.33
X_2131314_Madhepura_2130261_Madhepura_Rice	2016.6399999999994
X_2131314_Madhepura_2140444_Saharsa_Rice	1577.5300000000007
X_2131315_Madhepura_2130262_Madhepura_Rice	3.3600000000001273
X_2131315_Madhepura_2130415_Madhepura_Rice	915.0099999999998
X_2131315_Madhepura_2130453_Madhepura_Rice	2675.8
X_2131316_Madhepura_2130262_Madhepura_Rice	3594.17
X_2131317_Madhepura_2130415_Madhepura_Rice	3594.17
X_2131318_Madhepura_2130407_Madhepura_Rice	3594.17
X_2131319_Madhepura_2130261_Madhepura_Rice	3594.17
X_2131320_Madhepura_2130406_Madhepura_Rice	3594.17
X_2131321_Madhepura_2130262_Madhepura_Rice	3594.17
X_2131322_Madhepura_2130260_Madhepura_Rice	3594.15
X_2141451_Saharsa_2140066_Saharsa_Rice	392.7600000000002
X_2141451_Saharsa_2140068_Saharsa_Rice	4369.5
X_2141451_Saharsa_2140409_Saharsa_Rice	1260.0400000000009
X_2141451_Saharsa_2140443_Saharsa_Rice	1071.0299999999988
X_2141452_Saharsa_2140067_Saharsa_Rice	174.77000000000044
X_2141452_Saharsa_2140069_Saharsa_Rice	1124.2400000000007
X_2141452_Saharsa_2140409_Saharsa_Rice	787.4699999999993
X_2141452_Saharsa_2140444_Saharsa_Rice	5006.849999999999
X_2141453_Saharsa_2140067_Saharsa_Rice	7093.33
X_2141454_Saharsa_2140069_Saharsa_Rice	7093.36
X_2141455_Saharsa_2140442_Saharsa_Rice	6186.79
X_2141455_Saharsa_2140444_Saharsa_Rice	906.54
X_2141456_Saharsa_2140066_Saharsa_Rice	7093.33
X_2141458_Saharsa_2140408_Saharsa_Rice	5999.64
X_2141458_Saharsa_2140443_Saharsa_Rice	1093.6899999999996
X_2151181_Darbhanga_2150344_Darbhanga_Rice	9288.2
X_2151183_Darbhanga_2150206_Darbhanga_Rice	2123.2400000000007
X_2151183_Darbhanga_2150210_Darbhanga_Rice	7164.96
X_2151184_Darbhanga_2150199_Darbhanga_Rice	6913.41
X_2151184_Darbhanga_2150405_Darbhanga_Rice	2374.790000000001
X_2151185_Darbhanga_2150207_Darbhanga_Rice	9288.2
X_2151186_Darbhanga_2150200_Darbhanga_Rice	2854.1100000000006
X_2151186_Darbhanga_2150205_Darbhanga_Rice	6434.09
X_2151187_Darbhanga_2150209_Darbhanga_Rice	7498.03
X_2151187_Darbhanga_2150468_Darbhanga_Rice	1790.170000000001
X_2151189_Darbhanga_2150208_Darbhanga_Rice	9288.2
X_2151191_Darbhanga_2150202_Darbhanga_Rice	6817.93
X_2151191_Darbhanga_2150208_Darbhanga_Rice	2470.2700000000004
X_2151192_Darbhanga_2150203_Darbhanga_Rice	6821.57
X_2151192_Darbhanga_2150467_Darbhanga_Rice	2466.630000000001
X_2151194_Darbhanga_2150200_Darbhanga_Rice	3876.2599999999948
X_2151194_Darbhanga_2150207_Darbhanga_Rice	688.9599999999991
X_2151194_Darbhanga_2150344_Darbhanga_Rice	3596.5
X_2151194_Darbhanga_2150405_Darbhanga_Rice	1126.4800000000068
X_2151195_Darbhanga_2150201_Darbhanga_Rice	7279.3200000000015
X_2151195_Darbhanga_2150468_Darbhanga_Rice	2008.8799999999992
X_2151199_Darbhanga_2150200_Darbhanga_Rice	1914.310000000005
X_2151199_Darbhanga_2150201_Darbhanga_Rice	1871.3399999999983
X_2151199_Darbhanga_2150202A_Darbhanga_Rice	4792.17
X_2151199_Darbhanga_2150208_Darbhanga_Rice	45.42999999999847
X_2151199_Darbhanga_2150467_Darbhanga_Rice	664.9499999999989
X_2151201_Darbhanga_2150204_Darbhanga_Rice	3692.47
X_2151201_Darbhanga_2150206_Darbhanga_Rice	2967.1200000000067
X_2151201_Darbhanga_2150405_Darbhanga_Rice	2628.5399999999927
X_2161333_Muzaffarpur_2050101_Sheohar_Rice	1517.6700000000005
X_2161333_Muzaffarpur_2060326_Sitamarhi_Rice	920.7299999999941
X_2161333_Muzaffarpur_2160303A_Muzaffarpur_Rice	4633.78
X_2161333_Muzaffarpur_2160303_Muzaffarpur_Rice	61.15000000000646
X_2161333_Muzaffarpur_2160385_Muzaffarpur_Rice	2810.71
X_2161334_Muzaffarpur_2160003_Muzaffarpur_Rice	950.8600000000006
X_2161334_Muzaffarpur_2160304_Muzaffarpur_Rice	8993.18
X_2161335_Muzaffarpur_2160303A_Muzaffarpur_Rice	1357.2700000000004
X_2161335_Muzaffarpur_2160311_Muzaffarpur_Rice	8586.77
X_2161336_Muzaffarpur_2160005_Muzaffarpur_Rice	2295.5200000000004
X_2161336_Muzaffarpur_2160310_Muzaffarpur_Rice	7648.52
X_2161337_Muzaffarpur_2160002_Muzaffarpur_Rice	5716.919999999999
X_2161337_Muzaffarpur_2160004_Muzaffarpur_Rice	2159.7400000000025
X_2161337_Muzaffarpur_2160005_Muzaffarpur_Rice	2067.379999999999
X_2161338_Muzaffarpur_2160308_Muzaffarpur_Rice	5902.88
X_2161338_Muzaffarpur_2160385_Muzaffarpur_Rice	4041.0199999999995
X_2161340_Muzaffarpur_2150206_Darbhanga_Rice	1082.8600000000129
X_2161340_Muzaffarpur_2160303_Muzaffarpur_Rice	180.0299999999878
X_2161340_Muzaffarpur_2160307_Muzaffarpur_Rice	4038.11
X_2161340_Muzaffarpur_2160427_Muzaffarpur_Rice	4643.04
X_2161341_Muzaffarpur_2160002_Muzaffarpur_Rice	3397.260000000001
X_2161341_Muzaffarpur_2160003_Muzaffarpur_Rice	6546.78
X_2161342_Muzaffarpur_2160001_Muzaffarpur_Rice	2804.9200000000037
X_2161342_Muzaffarpur_2160004_Muzaffarpur_Rice	2856.329999999997
X_2161342_Muzaffarpur_2160306_Muzaffarpur_Rice	4282.79
X_2161343_Muzaffarpur_2160001_Muzaffarpur_Rice	4068.2199999999966
X_2161343_Muzaffarpur_2160305_Muzaffarpur_Rice	5875.820000000004
X_2161344_Muzaffarpur_2160001A_Muzaffarpur_Rice	4233.21
X_2161344_Muzaffarpur_2160001B_Muzaffarpur_Rice	551.5699999999997
X_2161344_Muzaffarpur_2160303_Muzaffarpur_Rice	358.43000000000575
X_2161344_Muzaffarpur_2160305_Muzaffarpur_Rice	4800.829999999995
X_2161345_Muzaffarpur_2160001B_Muzaffarpur_Rice	9944.04
X_2161346_Muzaffarpur_2150206_Darbhanga_Rice	2828.330000000001
X_2161346_Muzaffarpur_2160309_Muzaffarpur_Rice	7115.71
X_2171225_Gopalganj_2170211_Gopalganj_Rice	3600.95
X_2171226_Gopalganj_2170215_Gopalganj_Rice	1628.0600000000004
X_2171226_Gopalganj_2170391_Gopalganj_Rice	1972.8899999999994
X_2171227_Gopalganj_2170211_Gopalganj_Rice	2397.5299999999997
X_2171227_Gopalganj_2170214_Gopalganj_Rice	660.2400000000016
X_2171227_Gopalganj_2180110_Siwan_Rice	543.1799999999985
X_2171228_Gopalganj_2170212_Gopalganj_Rice	3600.95
X_2171229_Gopalganj_2170431_Gopalganj_Rice	3600.95
X_2171230_Gopalganj_2170402_Gopalganj_Rice	3453.09
X_2171230_Gopalganj_2170431_Gopalganj_Rice	147.85999999999967
X_2171231_Gopalganj_2170391_Gopalganj_Rice	328.64999999999964
X_2171231_Gopalganj_2170431_Gopalganj_Rice	3272.3
X_2171232_Gopalganj_2170391_Gopalganj_Rice	3600.95
X_2171233_Gopalganj_2170334_Gopalganj_Rice	3124.7
X_2171233_Gopalganj_2170431_Gopalganj_Rice	476.25
X_2171234_Gopalganj_2170215_Gopalganj_Rice	3600.95
X_2171235_Gopalganj_2170212_Gopalganj_Rice	2144.300000000001
X_2171235_Gopalganj_2170214_Gopalganj_Rice	1364.6699999999983
X_2171235_Gopalganj_2170391_Gopalganj_Rice	91.95000000000073
X_2171236_Gopalganj_2170214_Gopalganj_Rice	3600.95
X_2171237_Gopalganj_2170214_Gopalganj_Rice	3600.95
X_2171238_Gopalganj_2170212_Gopalganj_Rice	2345.7699999999995
X_2171238_Gopalganj_2170213_Gopalganj_Rice	1255.1800000000003
X_2171239_Gopalganj_2170213_Gopalganj_Rice	3600.95
X_2171240_Gopalganj_2170213_Gopalganj_Rice	3600.95
X_2181495_Siwan_2180118_Siwan_Rice	3842.76
X_2181496_Siwan_2180116_Siwan_Rice	3842.76
X_2181497_Siwan_2180117_Siwan_Rice	3842.76
X_2181498_Siwan_2180110_Siwan_Rice	3842.76
X_2181499_Siwan_2180107_Siwan_Rice	3842.76
X_2181500_Siwan_2180114_Siwan_Rice	3842.76
X_2181501_Siwan_2180111_Siwan_Rice	2992.26
X_2181501_Siwan_2180114_Siwan_Rice	850.5
X_2181502_Siwan_2180105_Siwan_Rice	2998.84
X_2181502_Siwan_2180107_Siwan_Rice	843.9200000000001
X_2181503_Siwan_2180106_Siwan_Rice	2414.46
X_2181503_Siwan_2180118_Siwan_Rice	1428.3000000000002
X_2181504_Siwan_2180109_Siwan_Rice	2998.3600000000006
X_2181504_Siwan_2180117_Siwan_Rice	844.3999999999996
X_2181505_Siwan_2180116_Siwan_Rice	357.59000000000015
X_2181505_Siwan_2180118_Siwan_Rice	3485.17
X_2181506_Siwan_2180114_Siwan_Rice	3284.79
X_2181506_Siwan_2180118_Siwan_Rice	557.9700000000003
X_2181507_Siwan_2180113_Siwan_Rice	3842.76
X_2181508_Siwan_2180107_Siwan_Rice	744.7200000000039
X_2181508_Siwan_2180108_Siwan_Rice	956.0199999999968
X_2181508_Siwan_2180113_Siwan_Rice	2142.0199999999995
X_2181509_Siwan_2180108_Siwan_Rice	3087.7000000000007
X_2181509_Siwan_2180109_Siwan_Rice	755.0599999999995
X_2181510_Siwan_2180107_Siwan_Rice	362.33000000000084
X_2181510_Siwan_2180115_Siwan_Rice	3480.4299999999994
X_2181511_Siwan_2180112_Siwan_Rice	1739.8599999999997
X_2181511_Siwan_2180115_Siwan_Rice	2102.9000000000005
X_2181512_Siwan_2180112_Siwan_Rice	3842.76
X_2181513_Siwan_2180106_Siwan_Rice	1240.4799999999996
X_2181513_Siwan_2180107_Siwan_Rice	1701.9099999999953
X_2181513_Siwan_2180110_Siwan_Rice	900.3700000000053
X_2181514_Siwan_2180106_Siwan_Rice	3842.76
X_2191465_Saran_2190089_Saran_Rice	4946.67
X_2191465_Saran_2190423_Saran_Rice	1994.8700000000003
X_2191466_Saran_2190085_Saran_Rice	6941.54
X_2191467_Saran_2190088_Saran_Rice	206.52000000000044
X_2191467_Saran_2190091_Saran_Rice	873.2799999999997
X_2191467_Saran_2190092_Saran_Rice	5861.74
X_2191468_Saran_2190086_Saran_Rice	34.149999999999636
X_2191468_Saran_2190096_Saran_Rice	1706.1400000000003
X_2191468_Saran_2190449_Saran_Rice	5201.25
X_2191469_Saran_2190095_Saran_Rice	6380.74
X_2191469_Saran_2190096_Saran_Rice	560.8000000000002
X_2191470_Saran_2190088_Saran_Rice	6941.54
X_2191471_Saran_2190086_Saran_Rice	2561.7
X_2191471_Saran_2190377_Saran_Rice	4379.84
X_2191472_Saran_2190086_Saran_Rice	2070.3100000000004
X_2191472_Saran_2190448_Saran_Rice	4871.23
X_2191473_Saran_2190090_Saran_Rice	2545.21
X_2191473_Saran_2190093_Saran_Rice	4396.33
X_2191474_Saran_2190085_Saran_Rice	2762.330000000001
X_2191474_Saran_2190089_Saran_Rice	2315.46
X_2191474_Saran_2190096_Saran_Rice	1863.749999999999
X_2191475_Saran_2190090_Saran_Rice	1044.3600000000001
X_2191475_Saran_2190091_Saran_Rice	1887.29
X_2191475_Saran_2190094_Saran_Rice	3007.28
X_2191475_Saran_2190423_Saran_Rice	1002.6099999999997
X_2191476_Saran_2190087_Saran_Rice	4245.73
X_2191476_Saran_2190096_Saran_Rice	2695.8100000000004
X_2191477_Saran_2190084_Saran_Rice	4602.8
X_2191477_Saran_2190091_Saran_Rice	2338.84
X_2201525_Vaishali_2200317_Vaishali_Rice	7491.3
X_2201525_Vaishali_2200412_Vaishali_Rice	617.9700000000003
X_2201526_Vaishali_2070267_Madhubani_Rice	501.8799999999874
X_2201526_Vaishali_2150206_Darbhanga_Rice	1528.2999999999797
X_2201526_Vaishali_2200318_Vaishali_Rice	6079.090000000034
X_2201527_Vaishali_2190096_Saran_Rice	55.32000000000153
X_2201527_Vaishali_2200312_Vaishali_Rice	5989.26
X_2201527_Vaishali_2200313_Vaishali_Rice	1184.8599999999988
X_2201527_Vaishali_2200319_Vaishali_Rice	879.8299999999999
X_2201528_Vaishali_2180108_Siwan_Rice	781.8400000000029
X_2201528_Vaishali_2190096_Saran_Rice	150.53999999999814
X_2201528_Vaishali_2200315_Vaishali_Rice	5997.07
X_2201528_Vaishali_2310347_Bhojpur_Rice	1179.8199999999993
X_2201529_Vaishali_2200412_Vaishali_Rice	6881.45
X_2201529_Vaishali_2200418_Vaishali_Rice	1227.8200000000006
X_2201530_Vaishali_2200314_Vaishali_Rice	8109.27
X_2201531_Vaishali_2200316_Vaishali_Rice	628.6900000000005
X_2201531_Vaishali_2200320_Vaishali_Rice	7480.58
X_2201532_Vaishali_2200314_Vaishali_Rice	2510.5599999999995
X_2201532_Vaishali_2200418_Vaishali_Rice	1815.2199999999666
X_2201532_Vaishali_2220154_Begusarai_Rice	1075.0400000000036
X_2201532_Vaishali_2270371_Lakhisarai_Rice	329.60000000002856
X_2201532_Vaishali_2300028_Patna_Rice	2378.850000000002
X_2201533_Vaishali_2200318_Vaishali_Rice	6338.499999999966
X_2201533_Vaishali_2200418_Vaishali_Rice	1770.770000000034
X_2201534_Vaishali_2200313_Vaishali_Rice	4952.3200000000015
X_2201534_Vaishali_2200418_Vaishali_Rice	3156.949999999999
X_2201535_Vaishali_2200316_Vaishali_Rice	5756.58
X_2201535_Vaishali_2200418_Vaishali_Rice	2352.6900000000005
X_2201536_Vaishali_2200319_Vaishali_Rice	2110.05
X_2201536_Vaishali_2200321_Vaishali_Rice	5999.22
X_2211459_Samastipur_2210073_Samastipur_Rice	6779.0
X_2211459_Samastipur_2210083_Samastipur_Rice	5054.18
X_2211459_Samastipur_2210380_Samastipur_Rice	3419.1399999999994
X_2211459_Samastipur_2210404_Samastipur_Rice	5871.9800000000005
X_2211460_Samastipur_2210077_Samastipur_Rice	6065.5
X_2211460_Samastipur_2210079_Samastipur_Rice	8997.82
X_2211460_Samastipur_2210379_Samastipur_Rice	4435.0
X_2211460_Samastipur_2210404_Samastipur_Rice	1625.9799999999996
X_2211461_Samastipur_2210072_Samastipur_Rice	3688.7199999999984
X_2211461_Samastipur_2210078_Samastipur_Rice	7284.95
X_2211461_Samastipur_2210081_Samastipur_Rice	6827.59
X_2211461_Samastipur_2210380_Samastipur_Rice	3323.040000000001
X_2211462_Samastipur_2210072_Samastipur_Rice	3726.0300000000016
X_2211462_Samastipur_2210074_Samastipur_Rice	5998.11
X_2211462_Samastipur_2210076_Samastipur_Rice	9227.75
X_2211462_Samastipur_2210082_Samastipur_Rice	2172.409999999998
X_2211463_Samastipur_2210070_Samastipur_Rice	2047.9599999999964
X_2211463_Samastipur_2210071_Samastipur_Rice	7418.89
X_2211463_Samastipur_2210080_Samastipur_Rice	6584.2
X_2211463_Samastipur_2210082_Samastipur_Rice	5073.250000000002
X_2211464_Samastipur_2210070_Samastipur_Rice	6520.660000000004
X_2211464_Samastipur_2210075_Samastipur_Rice	6391.24
X_2211464_Samastipur_2210378_Samastipur_Rice	6333.14
X_2211464_Samastipur_2220154_Begusarai_Rice	1879.0499999999965
X_2221148_Begusarai_2220154_Begusarai_Rice	4270.74
X_2221148_Begusarai_2220157_Begusarai_Rice	11160.97
X_2221148_Begusarai_2220159_Begusarai_Rice	5686.01
X_2221148_Begusarai_2220160_Begusarai_Rice	5972.82
X_2221148_Begusarai_2220161_Begusarai_Rice	408.3299999999999
X_2221148_Begusarai_2220162_Begusarai_Rice	4147.0
X_2221148_Begusarai_2220416_Begusarai_Rice	5991.46
X_2221148_Begusarai_2220458_Begusarai_Rice	5079.5
X_2221149_Begusarai_2220155_Begusarai_Rice	8973.29
X_2221149_Begusarai_2220156_Begusarai_Rice	9392.48
X_2221149_Begusarai_2220158_Begusarai_Rice	13427.98
X_2221149_Begusarai_2220161_Begusarai_Rice	5133.68
X_2221149_Begusarai_2220417_Begusarai_Rice	5789.33
X_2231289_Khagaria_2140443_Saharsa_Rice	536.1200000000017
X_2231289_Khagaria_2230249_Khagaria_Rice	3077.2999999999965
X_2231289_Khagaria_2230252_Khagaria_Rice	13016.81
X_2231289_Khagaria_2230331_Khagaria_Rice	9349.62
X_2231290_Khagaria_2230249_Khagaria_Rice	3298.640000000003
X_2231290_Khagaria_2230250_Khagaria_Rice	5564.5999999999985
X_2231290_Khagaria_2230251_Khagaria_Rice	10178.65
X_2231290_Khagaria_2230253_Khagaria_Rice	6937.92
X_2241150_Bhagalpur_2240174_Bhagalpur_Rice	7418.260000000001
X_2241150_Bhagalpur_2240176_Bhagalpur_Rice	7798.94
X_2241150_Bhagalpur_2240178_Bhagalpur_Rice	4535.96
X_2241150_Bhagalpur_2240419_Bhagalpur_Rice	3716.69
X_2241150_Bhagalpur_2240420_Bhagalpur_Rice	372.3000000000029
X_2241150_Bhagalpur_2240447_Bhagalpur_Rice	3832.0499999999975
X_2241151_Bhagalpur_2240173_Bhagalpur_Rice	3984.069999999998
X_2241151_Bhagalpur_2240175_Bhagalpur_Rice	4820.880000000003
X_2241152_Bhagalpur_2240173_Bhagalpur_Rice	3658.600000000002
X_2241152_Bhagalpur_2240179_Bhagalpur_Rice	353.10999999999876
X_2241152_Bhagalpur_2240454_Bhagalpur_Rice	4793.24
X_2241153_Bhagalpur_2240177_Bhagalpur_Rice	2515.2
X_2241154_Bhagalpur_2240177_Bhagalpur_Rice	2515.2
X_2241155_Bhagalpur_2240174_Bhagalpur_Rice	61.6899999999996
X_2241155_Bhagalpur_2240177_Bhagalpur_Rice	2453.51
X_2241156_Bhagalpur_2240179_Bhagalpur_Rice	4637.370000000001
X_2241156_Bhagalpur_2240180_Bhagalpur_Rice	4167.58
X_2241157_Bhagalpur_2240174_Bhagalpur_Rice	2598.340000000001
X_2241157_Bhagalpur_2240433_Bhagalpur_Rice	6206.61
X_2241158_Bhagalpur_2240172_Bhagalpur_Rice	6215.34
X_2241158_Bhagalpur_2240175_Bhagalpur_Rice	1832.0499999999975
X_2241158_Bhagalpur_2240447_Bhagalpur_Rice	757.6900000000023
X_2251136_Banka_2250147_Banka_Rice	1623.35
X_2251136_Banka_2250149_Banka_Rice	754.6100000000015
X_2251136_Banka_2250450_Banka_Rice	3878.999999999999
X_2251136_Banka_2260301_Munger_Rice	1839.8899999999999
X_2251138_Banka_2250146_Banka_Rice	5137.59
X_2251138_Banka_2250153_Banka_Rice	2827.76
X_2251138_Banka_2250450_Banka_Rice	131.5
X_2251139_Banka_2250392_Banka_Rice	877.3299999999999
X_2251139_Banka_2250421_Banka_Rice	3751.9699999999993
X_2251139_Banka_2250450_Banka_Rice	3467.550000000001
X_2251140_Banka_2250152_Banka_Rice	5935.38
X_2251140_Banka_2250392_Banka_Rice	2161.4700000000003
X_2251141_Banka_2250149_Banka_Rice	2501.96
X_2251141_Banka_2250151_Banka_Rice	5594.89
X_2251143_Banka_2250149_Banka_Rice	3446.750000000001
X_2251143_Banka_2250425_Banka_Rice	3429.84
X_2251143_Banka_2400217_Jamui_Rice	1220.2399999999989
X_2251147_Banka_2250148_Banka_Rice	3110.93
X_2251147_Banka_2250421_Banka_Rice	4985.92
X_2261328_Munger_2260299_Munger_Rice	1470.2299999999996
X_2261328_Munger_2260300_Munger_Rice	3720.3
X_2261328_Munger_2260301_Munger_Rice	1155.0900000000001
X_2261328_Munger_2260410_Munger_Rice	527.67
X_2261329_Munger_2260299_Munger_Rice	875.9700000000003
X_2261329_Munger_2260411_Munger_Rice	5997.32
X_2261330_Munger_2260300_Munger_Rice	2534.3
X_2261330_Munger_2260432_Munger_Rice	4338.99
X_2261331_Munger_2260299_Munger_Rice	4584.25
X_2261331_Munger_2260302_Munger_Rice	2289.04
X_2261332_Munger_2260302_Munger_Rice	2533.24
X_2261332_Munger_2260395_Munger_Rice	4340.01
X_2271297_Lakhisarai_2270258_Lakhisarai_Rice	3435.28
X_2271298_Lakhisarai_2270258A_Lakhisarai_Rice	1638.3200000000006
X_2271298_Lakhisarai_2270259_Lakhisarai_Rice	1796.9599999999996
X_2271299_Lakhisarai_2270258A_Lakhisarai_Rice	3435.28
X_2271300_Lakhisarai_2270258A_Lakhisarai_Rice	116.87999999999874
X_2271300_Lakhisarai_2270371_Lakhisarai_Rice	3318.4000000000015
X_2271301_Lakhisarai_2270370_Lakhisarai_Rice	1047.77
X_2271301_Lakhisarai_2270371_Lakhisarai_Rice	2387.51
X_2271302_Lakhisarai_2270370_Lakhisarai_Rice	3435.32
X_2271303_Lakhisarai_2270258_Lakhisarai_Rice	1308.7999999999997
X_2271303_Lakhisarai_2270259_Lakhisarai_Rice	2126.5000000000005
X_2281479_Sheikhpura_2270371_Lakhisarai_Rice	31.3400000000006
X_2281479_Sheikhpura_2280099A_Sheikhpura_Rice	3029.51
X_2281479_Sheikhpura_2280099_Sheikhpura_Rice	1932.1999999999994
X_2281480_Sheikhpura_2280097_Sheikhpura_Rice	3875.58
X_2281480_Sheikhpura_2280098_Sheikhpura_Rice	1117.4700000000003
X_2281481_Sheikhpura_2280098_Sheikhpura_Rice	4621.44
X_2281481_Sheikhpura_2280099_Sheikhpura_Rice	371.6200000000008
X_2291347_Nalanda_2290011_Nalanda_Rice	1140.7800000000007
X_2291347_Nalanda_2290012_Nalanda_Rice	453.9499999999989
X_2291347_Nalanda_2290014_Nalanda_Rice	2585.1800000000003
X_2291347_Nalanda_2290016_Nalanda_Rice	2409.6499999999996
X_2291347_Nalanda_2290373_Nalanda_Rice	654.4800000000005
X_2291348_Nalanda_2290012_Nalanda_Rice	5019.02
X_2291348_Nalanda_2290374_Nalanda_Rice	2225.02
X_2291349_Nalanda_2290009_Nalanda_Rice	3934.82
X_2291349_Nalanda_2290374_Nalanda_Rice	3309.22
X_2291350_Nalanda_2290006_Nalanda_Rice	891.4000000000005
X_2291350_Nalanda_2290011_Nalanda_Rice	6352.639999999999
X_2291351_Nalanda_2290006_Nalanda_Rice	287.64999999999964
X_2291351_Nalanda_2290007_Nalanda_Rice	6956.39
X_2291352_Nalanda_2290008_Nalanda_Rice	5799.35
X_2291352_Nalanda_2290014_Nalanda_Rice	1444.6899999999996
X_2291354_Nalanda_2290015_Nalanda_Rice	2646.88
X_2291354_Nalanda_2290373_Nalanda_Rice	4597.04
X_2291356_Nalanda_2290006_Nalanda_Rice	1655.33
X_2291356_Nalanda_2290010_Nalanda_Rice	5588.71
X_2291357_Nalanda_2290006_Nalanda_Rice	2689.3999999999996
X_2291357_Nalanda_2290343_Nalanda_Rice	4554.64
X_2291358_Nalanda_2290013_Nalanda_Rice	4563.71
X_2291358_Nalanda_2290016_Nalanda_Rice	2680.33
X_2301380_Patna_2300030_Patna_Rice	18393.840000000004
X_2301380_Patna_2300376_Patna_Rice	7870.499999999996
X_2301381_Patna_2300030_Patna_Rice	1013.4000000000005
X_2301381_Patna_2300034_Patna_Rice	7684.3
X_2301383_Patna_2300002_Patna_Rice	8739.54
X_2301383_Patna_2300030_Patna_Rice	576.0899999999983
X_2301384_Patna_2300002_Patna_Rice	1504.0899999999992
X_2301384_Patna_2300003_Patna_Rice	7811.54
X_2301385_Patna_2300038_Patna_Rice	2120.7699999999995
X_2301385_Patna_2300386_Patna_Rice	4989.56
X_2301386_Patna_2300004_Patna_Rice	8284.43
X_2301387_Patna_2300004_Patna_Rice	1587.8999999999996
X_2301387_Patna_2300032_Patna_Rice	6696.530000000001
X_2301388_Patna_2300035_Patna_Rice	4339.800000000001
X_2301388_Patna_2300037_Patna_Rice	4199.2
X_2301388_Patna_2300041_Patna_Rice	158.69999999999982
X_2301389_Patna_2300027_Patna_Rice	7483.05
X_2301389_Patna_2300028_Patna_Rice	663.619999999999
X_2301389_Patna_2300038_Patna_Rice	1589.7400000000007
X_2301390_Patna_2300029_Patna_Rice	3865.86
X_2301390_Patna_2300035_Patna_Rice	2960.889999999998
X_2301390_Patna_2300036_Patna_Rice	1870.9500000000025
X_2301391_Patna_2300036_Patna_Rice	4570.289999999997
X_2301391_Patna_2300376_Patna_Rice	4127.4100000000035
X_2301392_Patna_2300041_Patna_Rice	4368.06
X_2301392_Patna_2300455_Patna_Rice	4329.64
X_2301393_Patna_2300032_Patna_Rice	787.3900000000003
X_2301393_Patna_2300033_Patna_Rice	7497.04
X_2301394_Patna_2300028_Patna_Rice	5943.6799999999985
X_2301394_Patna_2300031_Patna_Rice	6553.92
X_2301394_Patna_2300032_Patna_Rice	101.83999999999924
X_2301394_Patna_2300035_Patna_Rice	185.38000000000102
X_2301394_Patna_2300040_Patna_Rice	5984.27
X_2311159_Bhojpur_2310184_Bhojpur_Rice	818.6999999999998
X_2311159_Bhojpur_2310483_Bhojpur_Rice	4264.55
X_2311160_Bhojpur_2310183_Bhojpur_Rice	2914.95
X_2311160_Bhojpur_2310184_Bhojpur_Rice	2168.3
X_2311161_Bhojpur_2310185_Bhojpur_Rice	5083.25
X_2311162_Bhojpur_2310182_Bhojpur_Rice	3958.04
X_2311162_Bhojpur_2310183_Bhojpur_Rice	1125.21
X_2311163_Bhojpur_2310182_Bhojpur_Rice	841.1599999999999
X_2311163_Bhojpur_2310185_Bhojpur_Rice	3761.6000000000004
X_2311163_Bhojpur_2310188_Bhojpur_Rice	480.4899999999998
X_2311164_Bhojpur_2310181_Bhojpur_Rice	5083.25
X_2311165_Bhojpur_2310181_Bhojpur_Rice	5083.25
X_2311166_Bhojpur_2310188_Bhojpur_Rice	5083.25
X_2311167_Bhojpur_2310187_Bhojpur_Rice	2085.3799999999997
X_2311167_Bhojpur_2310463_Bhojpur_Rice	2997.9
X_2311168_Bhojpur_2310187_Bhojpur_Rice	2085.23
X_2311168_Bhojpur_2310464_Bhojpur_Rice	2998.02
X_2311169_Bhojpur_2310186_Bhojpur_Rice	4037.43
X_2311169_Bhojpur_2310347_Bhojpur_Rice	1045.8200000000002
X_2311171_Bhojpur_2310347_Bhojpur_Rice	2844.3499999999995
X_2311171_Bhojpur_2310462_Bhojpur_Rice	2211.000000000001
X_2311171_Bhojpur_2310483_Bhojpur_Rice	27.899999999999636
X_2311172_Bhojpur_2310181_Bhojpur_Rice	2699.879999999999
X_2311172_Bhojpur_2310347_Bhojpur_Rice	2383.370000000001
X_2321173_Buxar_2320192_Buxar_Rice	4620.68
X_2321173_Buxar_2320196_Buxar_Rice	659.4399999999996
X_2321174_Buxar_2320195_Buxar_Rice	1867.6299999999997
X_2321174_Buxar_2320196_Buxar_Rice	3412.5800000000004
X_2321175_Buxar_2320195_Buxar_Rice	3641.6
X_2321175_Buxar_2320198_Buxar_Rice	1638.6100000000001
X_2321176_Buxar_2320189_Buxar_Rice	2520.1
X_2321176_Buxar_2320198_Buxar_Rice	2760.11
X_2321179_Buxar_2320189A_Buxar_Rice	778.79
X_2321179_Buxar_2320189_Buxar_Rice	156.53999999999996
X_2321179_Buxar_2320193_Buxar_Rice	3606.04
X_2321179_Buxar_2320197_Buxar_Rice	738.8400000000001
X_2321180_Buxar_2320190_Buxar_Rice	1312.63
X_2321180_Buxar_2320197_Buxar_Rice	3967.58
X_2331260_Kaimur_2330233_Kaimur_Rice	1563.7
X_2331261_Kaimur_2330237_Kaimur_Rice	864.3899999999999
X_2331261_Kaimur_2330238_Kaimur_Rice	699.3100000000002
X_2331262_Kaimur_2330236_Kaimur_Rice	1563.79
X_2331264_Kaimur_2330233_Kaimur_Rice	132.13999999999987
X_2331264_Kaimur_2330234_Kaimur_Rice	1431.5600000000002
X_2331266_Kaimur_2330232_Kaimur_Rice	1563.7
X_2331267_Kaimur_2330232_Kaimur_Rice	526.1199999999997
X_2331267_Kaimur_2330233_Kaimur_Rice	1037.5800000000004
X_2331269_Kaimur_2330234_Kaimur_Rice	1563.7
X_2331270_Kaimur_2330446_Kaimur_Rice	1563.7
X_2331271_Kaimur_2330239_Kaimur_Rice	1225.43
X_2331271_Kaimur_2330446_Kaimur_Rice	338.27
X_2331272_Kaimur_2330231_Kaimur_Rice	941.5600000000002
X_2331272_Kaimur_2330239_Kaimur_Rice	622.1399999999999
X_2331273_Kaimur_2330231_Kaimur_Rice	1074.9499999999998
X_2331273_Kaimur_2330235_Kaimur_Rice	488.7500000000002
X_2331274_Kaimur_2330238_Kaimur_Rice	1563.7
X_2331276_Kaimur_2330236_Kaimur_Rice	198.1099999999999
X_2331276_Kaimur_2330237_Kaimur_Rice	1365.5900000000001
X_2331277_Kaimur_2330236_Kaimur_Rice	1563.7
X_2331278_Kaimur_2330232_Kaimur_Rice	838.6699999999998
X_2331278_Kaimur_2330237_Kaimur_Rice	725.0300000000002
X_2331283_Kaimur_2330232_Kaimur_Rice	1563.7
X_2331285_Kaimur_2330231_Kaimur_Rice	1563.7
X_2341412_Rohtas_2340065_Rohtas_Rice	2043.93
X_2341413_Rohtas_2340064_Rohtas_Rice	1821.1400000000003
X_2341413_Rohtas_2340065_Rohtas_Rice	222.78999999999974
X_2341414_Rohtas_2340062_Rohtas_Rice	2043.93
X_2341415_Rohtas_2340058_Rohtas_Rice	788.7900000000004
X_2341415_Rohtas_2340060_Rohtas_Rice	1255.1399999999996
X_2341416_Rohtas_2340060_Rohtas_Rice	2043.93
X_2341417_Rohtas_2340062_Rohtas_Rice	5.339999999998554
X_2341417_Rohtas_2340434_Rohtas_Rice	186.04000000000156
X_2341417_Rohtas_2340436_Rohtas_Rice	1852.55
X_2341418_Rohtas_2340434_Rohtas_Rice	2043.93
X_2341419_Rohtas_2340390_Rohtas_Rice	2043.93
X_2341420_Rohtas_2340062_Rohtas_Rice	512.8200000000002
X_2341420_Rohtas_2340390_Rohtas_Rice	1531.11
X_2341421_Rohtas_2340060_Rohtas_Rice	2043.93
X_2341422_Rohtas_2340055_Rohtas_Rice	133.83000000000106
X_2341422_Rohtas_2340057A_Rohtas_Rice	1910.099999999999
X_2341423_Rohtas_2340055_Rohtas_Rice	1670.9399999999987
X_2341423_Rohtas_2340435_Rohtas_Rice	372.9900000000014
X_2341424_Rohtas_2340435_Rohtas_Rice	2043.93
X_2341425_Rohtas_2340062_Rohtas_Rice	932.2900000000016
X_2341425_Rohtas_2340435_Rohtas_Rice	1111.6399999999985
X_2341426_Rohtas_2340055_Rohtas_Rice	2043.93
X_2341427_Rohtas_2340057A_Rohtas_Rice	2043.93
X_2341428_Rohtas_2340059_Rohtas_Rice	2043.93
X_2341429_Rohtas_2340063_Rohtas_Rice	2043.93
X_2341430_Rohtas_2340056_Rohtas_Rice	1516.5599999999997
X_2341430_Rohtas_2340065_Rohtas_Rice	527.3700000000003
X_2341431_Kaimur_2330235_Kaimur_Rice	818.0200000000068
X_2341431_Kaimur_2340058_Rohtas_Rice	745.6799999999932
X_2341432_Kaimur_2310187_Bhojpur_Rice	436.50000000000637
X_2341432_Kaimur_2320195_Buxar_Rice	481.8700000000008
X_2341432_Kaimur_2330230_Kaimur_Rice	516.53
X_2341432_Kaimur_2330235_Kaimur_Rice	128.7999999999929
X_2341433_Rohtas_2340058_Rohtas_Rice	1199.2300000000016
X_2341433_Rohtas_2340434_Rohtas_Rice	844.6999999999985
X_2341434_Rohtas_2340056_Rohtas_Rice	2043.93
X_2341435_Kaimur_2330230_Kaimur_Rice	1563.7
X_2341436_Rohtas_2340058_Rohtas_Rice	1242.2700000000007
X_2341436_Rohtas_2340064_Rohtas_Rice	801.0899999999992
X_2341437_Kaimur_2330235_Kaimur_Rice	1563.7
X_2341438_Rohtas_2340059_Rohtas_Rice	2043.93
X_2341439_Rohtas_2340062_Rohtas_Rice	86.65000000000009
X_2341439_Rohtas_2340437_Rohtas_Rice	1957.28
X_2341440_Rohtas_2340057A_Rohtas_Rice	888.3800000000006
X_2341440_Rohtas_2340059_Rohtas_Rice	1155.5499999999995
X_2341441_Rohtas_2340058_Rohtas_Rice	891.9100000000046
X_2341441_Rohtas_2340439_Rohtas_Rice	1152.0199999999954
X_2341442_Rohtas_2340064_Rohtas_Rice	2043.93
X_2341443_Rohtas_2340064_Rohtas_Rice	2043.93
X_2341444_Rohtas_2340063_Rohtas_Rice	199.51999999999975
X_2341444_Rohtas_2340381_Rohtas_Rice	1570.28
X_2341444_Rohtas_2340439_Rohtas_Rice	350.7300000000005
X_2341445_Rohtas_2340059_Rohtas_Rice	1967.33
X_2351247_Jehanabad_2350226_Jehanabad_Rice	1557.82
X_2351247_Jehanabad_2350229_Jehanabad_Rice	319.8800000000001
X_2351248_Jehanabad_2310462_Bhojpur_Rice	598.5799999999988
X_2351248_Jehanabad_2350226_Jehanabad_Rice	1129.9700000000005
X_2351248_Jehanabad_2350227_Jehanabad_Rice	149.18000000000075
X_2351249_Jehanabad_2350227_Jehanabad_Rice	1877.73
X_2351250_Jehanabad_2350226_Jehanabad_Rice	1877.73
X_2351251_Jehanabad_2350226_Jehanabad_Rice	1877.73
X_2351252_Jehanabad_2290012_Nalanda_Rice	475.16000000000076
X_2351252_Jehanabad_2350225_Jehanabad_Rice	1402.5699999999993
X_2351253_Jehanabad_2350228_Jehanabad_Rice	1877.73
X_2351254_Jehanabad_2350228_Jehanabad_Rice	349.0300000000002
X_2351254_Jehanabad_2350229_Jehanabad_Rice	1528.6999999999998
X_2351255_Jehanabad_2350225_Jehanabad_Rice	1877.73
X_2351256_Jehanabad_2350225_Jehanabad_Rice	67.33000000000084
X_2351256_Jehanabad_2350227_Jehanabad_Rice	1810.3999999999992
X_2351257_Jehanabad_2350229_Jehanabad_Rice	1877.73
X_2351258_Jehanabad_2350226_Jehanabad_Rice	1877.73
X_2351259_Jehanabad_2350226_Jehanabad_Rice	1877.73
X_2361114_Arwal_2360132_Arwal_Rice	605.5700000000002
X_2361114_Arwal_2360133_Arwal_Rice	789.9999999999998
X_2361115_Arwal_2360133_Arwal_Rice	1268.509999999999
X_2361115_Arwal_2360134_Arwal_Rice	127.06000000000085
X_2361116_Arwal_2310187_Bhojpur_Rice	627.209999999998
X_2361116_Arwal_2360133_Arwal_Rice	768.360000000002
X_2361117_Arwal_2360132_Arwal_Rice	1395.57
X_2361118_Arwal_2360132_Arwal_Rice	1395.57
X_2361119_Arwal_2360134_Arwal_Rice	1395.57
X_2361120_Arwal_2360134_Arwal_Rice	1395.57
X_2361121_Arwal_2360134_Arwal_Rice	1395.57
X_2361122_Arwal_2360133_Arwal_Rice	1395.57
X_2361123_Arwal_2360133_Arwal_Rice	1395.57
X_2361124_Arwal_2360132_Arwal_Rice	1395.57
X_2371125_Aurangabad_2370139_Aurangabad_Rice	3649.74
X_2371126_Aurangabad_2370137_Aurangabad_Rice	3649.68
X_2371127_Aurangabad_2370137_Aurangabad_Rice	1147.1
X_2371127_Aurangabad_2370139_Aurangabad_Rice	163.42999999999984
X_2371127_Aurangabad_2370140_Aurangabad_Rice	2339.15
X_2371128_Aurangabad_2370139_Aurangabad_Rice	2005.6400000000012
X_2371128_Aurangabad_2370145_Aurangabad_Rice	1644.0399999999986
X_2371129_Aurangabad_2370142_Aurangabad_Rice	3178.8399999999997
X_2371129_Aurangabad_2370145_Aurangabad_Rice	470.84000000000015
X_2371130_Aurangabad_2370138_Aurangabad_Rice	522.9299999999998
X_2371130_Aurangabad_2370141_Aurangabad_Rice	2437.68
X_2371130_Aurangabad_2370142_Aurangabad_Rice	689.0700000000002
X_2371131_Aurangabad_2370138_Aurangabad_Rice	3649.68
X_2371132_Aurangabad_2370135_Aurangabad_Rice	3649.68
X_2371133_Aurangabad_2370140_Aurangabad_Rice	3649.68
X_2371134_Aurangabad_2370143_Aurangabad_Rice	3649.68
X_2371135_Aurangabad_2370141_Aurangabad_Rice	3649.68
X_2371446_Aurangabad_2340439_Rohtas_Rice	1899.9900000000039
X_2371446_Aurangabad_2370135_Aurangabad_Rice	896.4399999999955
X_2371446_Aurangabad_2370143_Aurangabad_Rice	853.2500000000005
X_2371447_Aurangabad_2370135_Aurangabad_Rice	2861.0900000000042
X_2371447_Aurangabad_2370136_Aurangabad_Rice	788.5899999999956
X_2371448_Aurangabad_2370136_Aurangabad_Rice	2047.3200000000043
X_2371448_Aurangabad_2370145_Aurangabad_Rice	1602.3599999999956
X_2371449_Aurangabad_2370144_Aurangabad_Rice	2340.43
X_2371449_Aurangabad_2370145_Aurangabad_Rice	1309.25
X_2371450_Aurangabad_2370144_Aurangabad_Rice	3649.68
X_2381202_Gaya_2380353_Gaya_Rice	3707.61
X_2381202_Gaya_2380355_Gaya_Rice	3298.230000000002
X_2381202_Gaya_2380360_Gaya_Rice	3916.68
X_2381202_Gaya_2380369_Gaya_Rice	2993.59
X_2381202_Gaya_2380413_Gaya_Rice	4989.53
X_2381202_Gaya_2380457_Gaya_Rice	6572.6
X_2381203_Gaya_2380352_Gaya_Rice	3848.0399999999986
X_2381203_Gaya_2380356_Gaya_Rice	580.3999999999976
X_2381203_Gaya_2390025_Nawada_Rice	1.1800000000034743
X_2381204_Gaya_2380355_Gaya_Rice	1808.759999999998
X_2381204_Gaya_2380356_Gaya_Rice	1718.1400000000017
X_2381204_Gaya_2380359_Gaya_Rice	902.7200000000003
X_2381205_Gaya_2380357_Gaya_Rice	3482.5100000000007
X_2381205_Gaya_2380358_Gaya_Rice	947.1099999999992
X_2381206_Gaya_2380357_Gaya_Rice	2044.58
X_2381206_Gaya_2380441_Gaya_Rice	2385.04
X_2381207_Gaya_2380356_Gaya_Rice	1389.14
X_2381208_Gaya_2380356_Gaya_Rice	1389.14
X_2381209_Gaya_2380358_Gaya_Rice	1527.16
X_2381210_Gaya_2380359_Gaya_Rice	1566.27
X_2381211_Gaya_2380359_Gaya_Rice	1566.27
X_2381212_Gaya_2380362_Gaya_Rice	1260.37
X_2381213_Gaya_2380362_Gaya_Rice	1260.37
X_2381214_Gaya_2380357_Gaya_Rice	1261.6999999999994
X_2381214_Gaya_2380361_Gaya_Rice	1810.59
X_2381214_Gaya_2380362_Gaya_Rice	1357.3300000000004
X_2381215_Gaya_2310187_Bhojpur_Rice	377.6999999999962
X_2381215_Gaya_2380366_Gaya_Rice	3498.2000000000035
X_2381215_Gaya_2380367_Gaya_Rice	553.7200000000003
X_2381216_Gaya_2380351_Gaya_Rice	2087.7800000000034
X_2381216_Gaya_2380366_Gaya_Rice	2341.8399999999965
X_2381217_Gaya_2380351_Gaya_Rice	307.6300000000001
X_2381217_Gaya_2380363_Gaya_Rice	4121.99
X_2381218_Gaya_2380351_Gaya_Rice	3499.029999999999
X_2381218_Gaya_2380358_Gaya_Rice	930.5900000000008
X_2381219_Gaya_2380351_Gaya_Rice	998.1399999999999
X_2381219_Gaya_2380354_Gaya_Rice	3431.48
X_2381220_Gaya_2380352_Gaya_Rice	219.78999999999996
X_2381220_Gaya_2380364_Gaya_Rice	4209.83
X_2381221_Gaya_2380351_Gaya_Rice	335.9299999999985
X_2381221_Gaya_2380352_Gaya_Rice	1108.7200000000016
X_2381221_Gaya_2380365_Gaya_Rice	2984.97
X_2381222_Gaya_2380368_Gaya_Rice	1548.7400000000002
X_2381222_Gaya_2380440_Gaya_Rice	2880.8799999999997
X_2381223_Gaya_2380368_Gaya_Rice	2279.18
X_2381223_Gaya_2380370_Gaya_Rice	2150.44
X_2381224_Gaya_2380367_Gaya_Rice	4313.759999999999
X_2381224_Gaya_2380440_Gaya_Rice	116.10000000000036
X_2391362_Nawada_2390022_Nawada_Rice	816.9700000000012
X_2391362_Nawada_2390025_Nawada_Rice	3891.2599999999984
X_2391363_Nawada_2390018_Nawada_Rice	4117.58
X_2391363_Nawada_2390024_Nawada_Rice	530.6600000000012
X_2391363_Nawada_2390025_Nawada_Rice	59.98999999999796
X_2391364_Nawada_2390019_Nawada_Rice	3180.79
X_2391364_Nawada_2390023_Nawada_Rice	1527.4399999999996
X_2391365_Nawada_2390016_Nawada_Rice	1198.0800000000008
X_2391365_Nawada_2390024_Nawada_Rice	3510.1499999999987
X_2391366_Nawada_2390016_Nawada_Rice	4708.23
X_2391367_Nawada_2390021_Nawada_Rice	2994.89
X_2391367_Nawada_2390022_Nawada_Rice	1713.3399999999997
X_2391368_Nawada_2390018_Nawada_Rice	659.9899999999998
X_2391368_Nawada_2390428_Nawada_Rice	4048.24
X_2391369_Nawada_2390017_Nawada_Rice	188.8199999999988
X_2391369_Nawada_2390023_Nawada_Rice	4519.410000000001
X_2391370_Nawada_2390017_Nawada_Rice	169.94999999999982
X_2391370_Nawada_2390020_Nawada_Rice	3023.09
X_2391370_Nawada_2390026_Nawada_Rice	1515.1899999999996
X_2391371_Nawada_2390026_Nawada_Rice	4708.05
X_2391372_Nawada_2390022_Nawada_Rice	4427.9299999999985
X_2391372_Nawada_2390430_Nawada_Rice	280.30000000000155
X_2391373_Nawada_2390017_Nawada_Rice	2625.660000000001
X_2391373_Nawada_2390430_Nawada_Rice	2082.5699999999983
X_2401241_Jamui_2400217_Jamui_Rice	2522.9399999999996
X_2401241_Jamui_2400221_Jamui_Rice	5432.1
X_2401242_Jamui_2400223_Jamui_Rice	5461.83
X_2401242_Jamui_2400445_Jamui_Rice	2493.3100000000004
X_2401243_Jamui_2400216_Jamui_Rice	2578.33
X_2401243_Jamui_2400219_Jamui_Rice	1549.5700000000006
X_2401243_Jamui_2400222_Jamui_Rice	3827.24
X_2401244_Jamui_2400219A_Jamui_Rice	4349.85
X_2401244_Jamui_2400219_Jamui_Rice	1727.29
X_2401244_Jamui_2400445_Jamui_Rice	1878.0
X_2401245_Jamui_2400217_Jamui_Rice	1135.7300000000014
X_2401245_Jamui_2400218_Jamui_Rice	626.5899999999992
X_2401245_Jamui_2400219_Jamui_Rice	8.269999999999527
X_2401245_Jamui_2400224_Jamui_Rice	6184.55
X_2401246_Jamui_2400218_Jamui_Rice	2358.8600000000006
X_2401246_Jamui_2400220_Jamui_Rice	5596.28
Y_2031374_PashchimChamparan_2030400_PashchimChamparan_Wheat	5346.78
Y_2031374_PashchimChamparan_2030401_PashchimChamparan_Wheat	4797.47
Y_2031375_PashchimChamparan_2030164_PashchimChamparan_Wheat	4418.66
Y_2031375_PashchimChamparan_2030398_PashchimChamparan_Wheat	2864.16
Y_2031375_PashchimChamparan_2030399_PashchimChamparan_Wheat	2773.64
Y_2031375_PashchimChamparan_2030401_PashchimChamparan_Wheat	87.79000000000087
Y_2031376_PashchimChamparan_2030165_PashchimChamparan_Wheat	5716.92
Y_2031376_PashchimChamparan_2030168_PashchimChamparan_Wheat	1441.1599999999999
Y_2031376_PashchimChamparan_2030429_PashchimChamparan_Wheat	2986.17
Y_2031377_PashchimChamparan_2030166_PashchimChamparan_Wheat	3768.21
Y_2031377_PashchimChamparan_2030170_PashchimChamparan_Wheat	4994.36
Y_2031377_PashchimChamparan_2030396_PashchimChamparan_Wheat	1381.6800000000003
Y_2031379_PashchimChamparan_2030169_PashchimChamparan_Wheat	7792.11
Y_2031379_PashchimChamparan_2030396_PashchimChamparan_Wheat	2352.0700000000006
Y_203950_PashchimChamparan_2030168_PashchimChamparan_Wheat	1636.56
Y_203950_PashchimChamparan_2030397_PashchimChamparan_Wheat	5551.91
Y_203951_PashchimChamparan_2030163_PashchimChamparan_Wheat	5287.8
Y_203951_PashchimChamparan_2030167_PashchimChamparan_Wheat	2985.51
Y_203951_PashchimChamparan_2030171_PashchimChamparan_Wheat	913.48
Y_203951_PashchimChamparan_2030396_PashchimChamparan_Wheat	2264.459999999999
Y_203951_PashchimChamparan_2030401_PashchimChamparan_Wheat	155.8899999999985
Y_2041397_PurbiChamparan_2040288_PurbiChamparan_Wheat	2329.19
Y_2041397_PurbiChamparan_2040293_PurbiChamparan_Wheat	1972.4400000000005
Y_2041397_PurbiChamparan_2040460_PurbiChamparan_Wheat	2467.9599999999996
Y_2041398_PurbiChamparan_2040283_PurbiChamparan_Wheat	5765.64
Y_2041398_PurbiChamparan_2040292_PurbiChamparan_Wheat	203.29999999999927
Y_2041398_PurbiChamparan_2040460_PurbiChamparan_Wheat	800.6500000000005
Y_2041399_PurbiChamparan_2040286_PurbiChamparan_Wheat	2379.3
Y_2041399_PurbiChamparan_2040292_PurbiChamparan_Wheat	2021.0400000000009
Y_2041399_PurbiChamparan_2040426_PurbiChamparan_Wheat	2369.249999999999
Y_2041400_PurbiChamparan_2040291_PurbiChamparan_Wheat	2784.83
Y_2041400_PurbiChamparan_2040296_PurbiChamparan_Wheat	3984.76
Y_2041401_PurbiChamparan_2040281_PurbiChamparan_Wheat	2887.88
Y_2041401_PurbiChamparan_2040282_PurbiChamparan_Wheat	3785.95
Y_2041401_PurbiChamparan_2040426_PurbiChamparan_Wheat	95.76000000000022
Y_2041402_PurbiChamparan_2040287_PurbiChamparan_Wheat	5662.02
Y_2041402_PurbiChamparan_2040293_PurbiChamparan_Wheat	1107.5699999999997
Y_2041403_PurbiChamparan_2040291_PurbiChamparan_Wheat	737.3500000000004
Y_2041403_PurbiChamparan_2040349_PurbiChamparan_Wheat	2036.0799999999995
Y_2041403_PurbiChamparan_2040451_PurbiChamparan_Wheat	3996.16
Y_2041404_PurbiChamparan_2040289_PurbiChamparan_Wheat	4998.67
Y_2041404_PurbiChamparan_2040292_PurbiChamparan_Wheat	1770.92
Y_2041405_PurbiChamparan_2040285_PurbiChamparan_Wheat	5368.57
Y_2041405_PurbiChamparan_2040349_PurbiChamparan_Wheat	1401.0200000000004
Y_2041406_PurbiChamparan_2040294_PurbiChamparan_Wheat	3998.9
Y_2041406_PurbiChamparan_2040349_PurbiChamparan_Wheat	2770.89
Y_204955_PurbiChamparan_2040284_PurbiChamparan_Wheat	1650.6
Y_204955_PurbiChamparan_2040290_PurbiChamparan_Wheat	7607.44
Y_204955_PurbiChamparan_2040291_PurbiChamparan_Wheat	465.8599999999997
Y_204955_PurbiChamparan_2040297_PurbiChamparan_Wheat	6093.34
Y_204955_PurbiChamparan_2040461_PurbiChamparan_Wheat	1793.02
Y_204956_PurbiChamparan_2040295_PurbiChamparan_Wheat	2543.99
Y_204956_PurbiChamparan_2040350_PurbiChamparan_Wheat	1525.0
Y_204957_PurbiChamparan_2040280_PurbiChamparan_Wheat	1997.97
Y_204957_PurbiChamparan_2040426_PurbiChamparan_Wheat	3511.760000000001
Y_2051489_Sheohar_2050100_Sheohar_Wheat	3623.74
Y_2051489_Sheohar_2050101_Sheohar_Wheat	2795.3
Y_2051489_Sheohar_2050393_Sheohar_Wheat	72.79
Y_2051489_Sheohar_2050394_Sheohar_Wheat	2353.3599999999997
Y_2061491_Sitamarhi_2060323_Sitamarhi_Wheat	9644.3
Y_2061491_Sitamarhi_2060324_Sitamarhi_Wheat	2873.3899999999976
Y_2061491_Sitamarhi_2060325_Sitamarhi_Wheat	4527.64
Y_2061491_Sitamarhi_2060327_Sitamarhi_Wheat	4456.6
Y_2061491_Sitamarhi_2060328_Sitamarhi_Wheat	6562.91
Y_2061491_Sitamarhi_2060329_Sitamarhi_Wheat	4324.64
Y_2061491_Sitamarhi_2060330_Sitamarhi_Wheat	4173.8
Y_2061491_Sitamarhi_2060383_Sitamarhi_Wheat	3470.41
Y_2061491_Sitamarhi_2060384_Sitamarhi_Wheat	2586.23
Y_2061491_Sitamarhi_2060387_Sitamarhi_Wheat	3567.94
Y_206971_Sitamarhi_2050394_Sheohar_Wheat	4556.51
Y_206971_Sitamarhi_2060322_Sitamarhi_Wheat	3551.08
Y_206971_Sitamarhi_2060326_Sitamarhi_Wheat	7846.52
Y_206971_Sitamarhi_2060382_Sitamarhi_Wheat	3991.93
Y_206972_Sitamarhi_2060324_Sitamarhi_Wheat	3734.220000000002
Y_2071323_Madhubani_2070265_Madhubani_Wheat	4446.23
Y_2071323_Madhubani_2070266_Madhubani_Wheat	5959.43
Y_2071323_Madhubani_2070267_Madhubani_Wheat	5372.180000000002
Y_2071323_Madhubani_2070269_Madhubani_Wheat	2569.41
Y_2071323_Madhubani_2070276_Madhubani_Wheat	2709.08
Y_2071324_Madhubani_2070263_Madhubani_Wheat	3999.21
Y_2071324_Madhubani_2070264_Madhubani_Wheat	1144.4500000000016
Y_2071324_Madhubani_2070268_Madhubani_Wheat	6196.21
Y_2071324_Madhubani_2070271_Madhubani_Wheat	4048.4699999999957
Y_2071324_Madhubani_2070279_Madhubani_Wheat	5668.01
Y_2071325_Madhubani_2070264_Madhubani_Wheat	2472.7599999999984
Y_2071325_Madhubani_2070273_Madhubani_Wheat	5200.24
Y_2071325_Madhubani_2070275_Madhubani_Wheat	5983.26
Y_2071325_Madhubani_2070388_Madhubani_Wheat	4795.85
Y_2071325_Madhubani_2070389_Madhubani_Wheat	2604.24
Y_207937_Madhubani_2070271_Madhubani_Wheat	946.1600000000044
Y_207937_Madhubani_2070277_Madhubani_Wheat	6813.45
Y_207937_Madhubani_2150203_Darbhanga_Wheat	4547.66
Y_207937_Madhubani_2150209_Darbhanga_Wheat	4998.74
Y_207937_Madhubani_2150467_Darbhanga_Wheat	2087.71
Y_207937_Madhubani_2150468_Darbhanga_Wheat	2532.69
Y_207938_Madhubani_2070267_Madhubani_Wheat	674.2699999999977
Y_207938_Madhubani_2070270_Madhubani_Wheat	3878.24
Y_207938_Madhubani_2070272_Madhubani_Wheat	4263.05
Y_207938_Madhubani_2070274_Madhubani_Wheat	1998.53
Y_207938_Madhubani_2070278_Madhubani_Wheat	7076.37
Y_2081515_Supaul_2080120_Supaul_Wheat	774.0000000000027
Y_2081515_Supaul_2080121_Supaul_Wheat	3125.77
Y_2081515_Supaul_2080123_Supaul_Wheat	6417.64
Y_2081515_Supaul_2080124_Supaul_Wheat	3302.64
Y_2081515_Supaul_2080126_Supaul_Wheat	8393.69
Y_2081515_Supaul_2080128_Supaul_Wheat	5303.89
Y_2081515_Supaul_2080129_Supaul_Wheat	3409.03
Y_208978_Supaul_2080119_Supaul_Wheat	4992.37
Y_208978_Supaul_2080120_Supaul_Wheat	5224.5099999999975
Y_208979_Supaul_2080121_Supaul_Rice	4574.259999999999
Y_2091105_Araria_2090131_Araria_Wheat	9472.6
Y_2091105_Araria_2090335_Araria_Wheat	6615.07
Y_2091105_Araria_2090348_Araria_Wheat	5329.289999999999
Y_2091107_Araria_2090375_Araria_Wheat	1000.0
Y_209901_Araria_2090130_Araria_Wheat	5789.11
Y_209901_Araria_2090336_Araria_Wheat	4998.58
Y_209901_Araria_2090337_Araria_Wheat	6559.21
Y_209901_Araria_2090338_Araria_Wheat	5995.45
Y_209901_Araria_2090375_Araria_Wheat	6198.01
Y_209902_Araria_2090348_Araria_Wheat	2281.7400000000007
Y_2101296_Kishanganj_2100254_Kishanganj_Wheat	5599.76
Y_2101296_Kishanganj_2100255_Kishanganj_Wheat	6232.68
Y_2101296_Kishanganj_2100339_Kishanganj_Wheat	3619.32
Y_2101296_Kishanganj_2100340_Kishanganj_Wheat	1806.2599999999966
Y_2101296_Kishanganj_2100341_Kishanganj_Wheat	7020.26
Y_210931_Kishanganj_2100256_Kishanganj_Rice	4318.670000000001
Y_210931_Kishanganj_2100256_Kishanganj_Wheat	4348.42
Y_210931_Kishanganj_2100333_Kishanganj_Wheat	4133.49
Y_210931_Kishanganj_2100340_Kishanganj_Wheat	4126.810000000003
Y_2111410_Purnia_2110045_Purnia_Wheat	4983.35
Y_2111410_Purnia_2110046_Purnia_Wheat	5997.4
Y_2111410_Purnia_2110047_Purnia_Wheat	565.9500000000044
Y_2111410_Purnia_2110048_Purnia_Wheat	6276.24
Y_2111410_Purnia_2110049_Purnia_Wheat	3192.64
Y_2111410_Purnia_2110050_Purnia_Wheat	3273.54
Y_2111410_Purnia_2110342_Purnia_Wheat	3995.99
Y_2111410_Purnia_2110403_Purnia_Wheat	3892.95
Y_2111410_Purnia_2110422_Purnia_Wheat	2849.79
Y_2111410_Purnia_2110452_Purnia_Wheat	4982.09
Y_2111410_Purnia_2110466_Purnia_Wheat	5035.57
Y_211959_Purnia_2110052_Purnia_Rice	9494.939999999988
Y_211959_Purnia_2110052_Purnia_Wheat	8070.36
Y_211960_Purnia_2110047_Purnia_Wheat	7237.559999999996
Y_211960_Purnia_2110465_Purnia_Wheat	1994.03
Y_2121286_Katihar_2120240_Katihar_Wheat	7992.06
Y_2121286_Katihar_2120242_Katihar_Wheat	4796.87
Y_2121286_Katihar_2120244_Katihar_Wheat	7982.48
Y_2121286_Katihar_2120245_Katihar_Wheat	4884.78
Y_2121286_Katihar_2120247_Katihar_Wheat	3989.17
Y_2121286_Katihar_2120248_Katihar_Wheat	5828.18
Y_2121286_Katihar_2120345_Katihar_Wheat	3600.91
Y_2121286_Katihar_2120346_Katihar_Wheat	2588.130000000002
Y_212923_Katihar_2120241_Katihar_Wheat	4617.09
Y_212925_Katihar_2120346_Katihar_Wheat	2376.999999999998
Y_212926_Katihar_2120243_Katihar_Wheat	2944.81
Y_212926_Katihar_2120246_Katihar_Wheat	4719.25
Y_212926_Katihar_2120456_Katihar_Wheat	1999.5
Y_212926_Katihar_2120459_Katihar_Wheat	2875.14
Y_2131314_Madhepura_2130260_Madhepura_Wheat	4475.87
Y_2131314_Madhepura_2130261_Madhepura_Wheat	5169.31
Y_2131314_Madhepura_2130406_Madhepura_Wheat	4993.68
Y_2131314_Madhepura_2130407_Madhepura_Wheat	5759.46
Y_2131314_Madhepura_2130415_Madhepura_Wheat	2791.0800000000017
Y_2131314_Madhepura_2130453_Madhepura_Wheat	4179.96
Y_213933_Madhepura_2130262_Madhepura_Wheat	5978.62
Y_213934_Madhepura_2130415_Madhepura_Wheat	2726.0899999999983
Y_2141451_Saharsa_2140066_Saharsa_Wheat	4990.68
Y_2141451_Saharsa_2140067_Saharsa_Wheat	4845.34
Y_2141451_Saharsa_2140068_Saharsa_Wheat	2912.99
Y_2141451_Saharsa_2140408_Saharsa_Wheat	3999.77
Y_2141451_Saharsa_2140409_Saharsa_Wheat	6093.81
Y_2141451_Saharsa_2140443_Saharsa_Wheat	1800.58
Y_2141451_Saharsa_2140444_Saharsa_Wheat	2364.460000000001
Y_214965_Saharsa_2140069_Saharsa_Wheat	5478.48
Y_214965_Saharsa_2140444_Saharsa_Wheat	2629.5499999999993
Y_214965_Saharsa_2150208_Darbhanga_Wheat	7869.28
Y_214966_Saharsa_2150202_Darbhanga_Wheat	4545.28
Y_214967_Saharsa_2140442_Saharsa_Wheat	4124.53
Y_2151181_Darbhanga_2150199_Darbhanga_Wheat	4608.98
Y_2151181_Darbhanga_2150200_Darbhanga_Wheat	5763.09
Y_2151181_Darbhanga_2150201_Darbhanga_Wheat	6100.49
Y_2151181_Darbhanga_2150202A_Darbhanga_Wheat	3194.78
Y_2151181_Darbhanga_2150204_Darbhanga_Wheat	2461.68
Y_2151181_Darbhanga_2150205_Darbhanga_Wheat	4289.39
Y_2151181_Darbhanga_2150206_Darbhanga_Wheat	6944.540000000001
Y_2151181_Darbhanga_2150207_Darbhanga_Wheat	6651.39
Y_2151181_Darbhanga_2150210_Darbhanga_Wheat	4776.62
Y_2151181_Darbhanga_2150344_Darbhanga_Wheat	8589.76
Y_2151181_Darbhanga_2150405_Darbhanga_Wheat	4086.57
Y_215913_Darbhanga_2150206_Darbhanga_Wheat	75.38999999999942
Y_2161338_Muzaffarpur_2160001B_Muzaffarpur_Wheat	3272.5299999999925
Y_2161338_Muzaffarpur_2160002_Muzaffarpur_Wheat	6076.09
Y_2161338_Muzaffarpur_2160003_Muzaffarpur_Wheat	4998.39
Y_2161338_Muzaffarpur_2160005_Muzaffarpur_Wheat	2908.57
Y_2161338_Muzaffarpur_2160303A_Muzaffarpur_Wheat	3994.04
Y_2161338_Muzaffarpur_2160303_Muzaffarpur_Wheat	399.77
Y_2161338_Muzaffarpur_2160304_Muzaffarpur_Wheat	5995.47
Y_2161338_Muzaffarpur_2160305_Muzaffarpur_Wheat	7117.68
Y_2161338_Muzaffarpur_2160307_Muzaffarpur_Wheat	2692.05
Y_2161338_Muzaffarpur_2160308_Muzaffarpur_Wheat	3935.25
Y_2161338_Muzaffarpur_2160309_Muzaffarpur_Wheat	4743.8
Y_2161338_Muzaffarpur_2160310_Muzaffarpur_Wheat	5099.05
Y_2161338_Muzaffarpur_2160311_Muzaffarpur_Wheat	5724.56
Y_2161338_Muzaffarpur_2160385_Muzaffarpur_Wheat	4567.79
Y_216941_Muzaffarpur_2160001A_Muzaffarpur_Wheat	2822.14
Y_216941_Muzaffarpur_2160001B_Muzaffarpur_Wheat	3724.5100000000075
Y_216941_Muzaffarpur_2160001_Muzaffarpur_Wheat	4582.13
Y_216941_Muzaffarpur_2160004_Muzaffarpur_Wheat	3344.0
Y_216941_Muzaffarpur_2160306_Muzaffarpur_Wheat	2855.26
Y_216941_Muzaffarpur_2160427_Muzaffarpur_Wheat	3095.44
Y_2171235_Gopalganj_2170211_Gopalganj_Wheat	3999.03
Y_2171235_Gopalganj_2170212_Gopalganj_Wheat	5394.01
Y_2171235_Gopalganj_2170213_Gopalganj_Wheat	4394.530000000001
Y_2171235_Gopalganj_2170214_Gopalganj_Wheat	6151.17
Y_2171235_Gopalganj_2170215_Gopalganj_Wheat	3485.99
Y_2171235_Gopalganj_2170391_Gopalganj_Wheat	3996.25
Y_217918_Gopalganj_2170213_Gopalganj_Wheat	1243.5199999999995
Y_217918_Gopalganj_2170334_Gopalganj_Wheat	2083.18
Y_217918_Gopalganj_2170402_Gopalganj_Wheat	2302.06
Y_217918_Gopalganj_2170431_Gopalganj_Wheat	4998.2
Y_2181511_Siwan_2180105_Siwan_Wheat	1999.23
Y_2181511_Siwan_2180106_Siwan_Wheat	4998.42
Y_2181511_Siwan_2180110_Siwan_Wheat	4996.14
Y_2181511_Siwan_2180111_Siwan_Wheat	1994.88
Y_2181511_Siwan_2180112_Siwan_Wheat	3721.86
Y_2181511_Siwan_2180114_Siwan_Wheat	5318.72
Y_2181511_Siwan_2180115_Siwan_Wheat	3722.25
Y_2181511_Siwan_2180116_Siwan_Wheat	2800.13
Y_2181511_Siwan_2180117_Siwan_Wheat	816.8199999999929
Y_2181511_Siwan_2180118_Siwan_Wheat	6209.5
Y_218975_Siwan_2180107_Siwan_Wheat	4997.13
Y_218975_Siwan_2180108_Siwan_Wheat	3217.02
Y_218975_Siwan_2180109_Siwan_Wheat	2502.23
Y_218975_Siwan_2180113_Siwan_Wheat	3989.85
Y_218975_Siwan_2180117_Siwan_Wheat	2307.9600000000073
Y_218975_Siwan_2190088_Saran_Wheat	4765.36
Y_2191465_Saran_2190084_Saran_Wheat	3068.52
Y_2191465_Saran_2190085_Saran_Wheat	6469.24
Y_2191465_Saran_2190089_Saran_Wheat	4841.37
Y_2191465_Saran_2190090_Saran_Wheat	2393.02
Y_2191465_Saran_2190091_Saran_Wheat	3399.63
Y_2191465_Saran_2190092_Saran_Wheat	1953.6999999999994
Y_2191465_Saran_2190093_Saran_Wheat	2930.97
Y_2191465_Saran_2190094_Saran_Wheat	2004.87
Y_2191465_Saran_2190095_Saran_Wheat	4253.82
Y_2191465_Saran_2190377_Saran_Wheat	2919.84
Y_2191465_Saran_2190423_Saran_Wheat	1998.29
Y_2191465_Saran_2190448_Saran_Wheat	3247.51
Y_2191465_Saran_2190449_Saran_Wheat	3467.5
Y_219970_Saran_2190092_Saran_Wheat	1954.1600000000008
Y_2201528_Vaishali_2200312_Vaishali_Wheat	3992.81
Y_2201528_Vaishali_2200313_Vaishali_Wheat	4091.44
Y_2201528_Vaishali_2200314_Vaishali_Wheat	7079.82
Y_2201528_Vaishali_2200315_Vaishali_Wheat	3998.05
Y_2201528_Vaishali_2200316_Vaishali_Wheat	4256.86
Y_2201528_Vaishali_2200317_Vaishali_Wheat	4994.21
Y_2201528_Vaishali_2200318_Vaishali_Wheat	1921.6599999999994
Y_2201528_Vaishali_2200319_Vaishali_Wheat	1993.25
Y_2201528_Vaishali_2200320_Vaishali_Wheat	4987.04
Y_2201528_Vaishali_2200321_Vaishali_Wheat	3999.5
Y_2201528_Vaishali_2200412_Vaishali_Wheat	4999.69
Y_220980_Vaishali_2200418_Vaishali_Wheat	6882.3
Y_220982_Vaishali_2200318_Vaishali_Wheat	6356.780000000001
Y_2211463_Samastipur_2210070_Samastipur_Wheat	5712.41
Y_2211463_Samastipur_2210071_Samastipur_Wheat	4945.92
Y_2211463_Samastipur_2210072_Samastipur_Wheat	4943.14
Y_2211463_Samastipur_2210074_Samastipur_Wheat	3998.74
Y_2211463_Samastipur_2210075_Samastipur_Wheat	4260.79
Y_2211463_Samastipur_2210076_Samastipur_Wheat	6151.85
Y_2211463_Samastipur_2210078_Samastipur_Wheat	4856.57
Y_2211463_Samastipur_2210080_Samastipur_Wheat	4389.44
Y_2211463_Samastipur_2210081_Samastipur_Wheat	4551.7
Y_2211463_Samastipur_2210082_Samastipur_Wheat	4830.39
Y_2211463_Samastipur_2210378_Samastipur_Wheat	4222.11
Y_2211463_Samastipur_2210379_Samastipur_Wheat	2956.69
Y_2211463_Samastipur_2210380_Samastipur_Wheat	4494.89
Y_2211463_Samastipur_2210404_Samastipur_Wheat	7.809999999995853
Y_221968_Samastipur_2210073_Samastipur_Wheat	4519.32
Y_221968_Samastipur_2210077_Samastipur_Wheat	4043.62
Y_221968_Samastipur_2210083_Samastipur_Wheat	3369.5
Y_221968_Samastipur_2210404_Samastipur_Wheat	4990.880000000004
Y_221969_Samastipur_2210079_Samastipur_Wheat	5998.49
Y_2221149_Begusarai_2220155_Begusarai_Wheat	5982.25
Y_2221149_Begusarai_2220157_Begusarai_Wheat	7440.67
Y_2221149_Begusarai_2220158_Begusarai_Wheat	8952.01
Y_2221149_Begusarai_2220159_Begusarai_Wheat	3228.6499999999996
Y_2221149_Begusarai_2220160_Begusarai_Wheat	3981.81
Y_2221149_Begusarai_2220161_Begusarai_Wheat	3694.7
Y_2221149_Begusarai_2220416_Begusarai_Wheat	3994.26
Y_2221149_Begusarai_2220458_Begusarai_Wheat	3386.35
Y_222905_Begusarai_2220159_Begusarai_Wheat	562.0600000000004
Y_222906_Begusarai_2220154_Begusarai_Wheat	4816.54
Y_222906_Begusarai_2220162_Begusarai_Wheat	2764.65
Y_222908_Begusarai_2220156_Begusarai_Wheat	6261.68
Y_222908_Begusarai_2220417_Begusarai_Wheat	3859.55
Y_222908_Begusarai_2270259_Lakhisarai_Wheat	782.6799999999994
Y_2231289_Khagaria_2230252_Khagaria_Wheat	6131.59
Y_2231289_Khagaria_2230331_Khagaria_Wheat	6233.08
Y_2231290_Khagaria_2230251_Khagaria_Wheat	5193.16
Y_2231290_Khagaria_2230252_Khagaria_Wheat	2546.25
Y_2231290_Khagaria_2230253_Khagaria_Wheat	4625.25
Y_223929_Khagaria_2230249_Khagaria_Wheat	4250.7
Y_223929_Khagaria_2230250_Khagaria_Rice	432.6900000000014
Y_223929_Khagaria_2230250_Khagaria_Wheat	3998.18
Y_223929_Khagaria_2230251_Khagaria_Wheat	1592.5699999999997
Y_2241150_Bhagalpur_2240173_Bhagalpur_Wheat	3064.0
Y_2241150_Bhagalpur_2240178_Bhagalpur_Wheat	3024.02
Y_2241150_Bhagalpur_2240419_Bhagalpur_Wheat	2477.81
Y_2241150_Bhagalpur_2240433_Bhagalpur_Wheat	810.4499999999994
Y_2241150_Bhagalpur_2240454_Bhagalpur_Wheat	3195.45
Y_2241153_Bhagalpur_2240174_Bhagalpur_Wheat	6718.86
Y_2241153_Bhagalpur_2240177_Bhagalpur_Wheat	4989.26
Y_2241153_Bhagalpur_2240433_Bhagalpur_Wheat	863.6099999999997
Y_2241158_Bhagalpur_2240173_Bhagalpur_Wheat	2030.9899999999998
Y_2241158_Bhagalpur_2240175_Bhagalpur_Wheat	4435.41
Y_2241158_Bhagalpur_2240179_Bhagalpur_Wheat	3327.0
Y_2241158_Bhagalpur_2240180_Bhagalpur_Wheat	2778.33
Y_224909_Bhagalpur_2240172_Bhagalpur_Wheat	4143.56
Y_224909_Bhagalpur_2240176_Bhagalpur_Wheat	5199.3
Y_224909_Bhagalpur_2240420_Bhagalpur_Rice	4748.2599999999975
Y_224909_Bhagalpur_2240420_Bhagalpur_Wheat	3413.7
Y_224909_Bhagalpur_2240433_Bhagalpur_Wheat	2463.700000000001
Y_224909_Bhagalpur_2240447_Bhagalpur_Wheat	3059.79
Y_224909_Bhagalpur_2250146_Banka_Wheat	3425.08
Y_224909_Bhagalpur_2250152_Banka_Wheat	1705.2899999999986
Y_224909_Bhagalpur_2250392_Banka_Wheat	2025.82
Y_2251141_Banka_2250147_Banka_Wheat	1082.21
Y_2251141_Banka_2250148_Banka_Wheat	2073.93
Y_2251141_Banka_2250149_Banka_Wheat	4739.99
Y_2251141_Banka_2250151_Banka_Wheat	3729.98
Y_2251141_Banka_2250152_Banka_Wheat	2251.660000000001
Y_2251141_Banka_2250421_Banka_Wheat	5825.27
Y_2251141_Banka_2250425_Banka_Wheat	2286.51
Y_2251141_Banka_2250450_Banka_Wheat	4985.36
Y_2261330_Munger_2260299_Munger_Wheat	2947.1600000000008
Y_2261330_Munger_2260300_Munger_Wheat	4169.72
Y_2261330_Munger_2260301_Munger_Wheat	1996.67
Y_2261330_Munger_2260410_Munger_Wheat	351.75
Y_2261330_Munger_2260411_Munger_Wheat	3998.16
Y_2261330_Munger_2260432_Munger_Wheat	2892.66
Y_226940_Munger_2250153_Banka_Wheat	1885.14
Y_226940_Munger_2260299_Munger_Wheat	1673.199999999999
Y_226940_Munger_2260302_Munger_Wheat	3214.91
Y_226940_Munger_2260395_Munger_Wheat	2893.41
Y_2271301_Lakhisarai_2270258A_Lakhisarai_Wheat	3460.32
Y_2271301_Lakhisarai_2270258_Lakhisarai_Wheat	3162.77
Y_2271301_Lakhisarai_2270259_Lakhisarai_Wheat	1832.9700000000007
Y_2271301_Lakhisarai_2270370_Lakhisarai_Wheat	2988.72
Y_2281481_Sheikhpura_2280097_Sheikhpura_Wheat	2583.74
Y_2281481_Sheikhpura_2280098_Sheikhpura_Wheat	989.8000000000002
Y_2281481_Sheikhpura_2280099A_Sheikhpura_Wheat	2019.68
Y_2281481_Sheikhpura_2280099_Sheikhpura_Wheat	1535.86
Y_2291350_Nalanda_2290006_Nalanda_Wheat	3682.51
Y_2291350_Nalanda_2290007_Nalanda_Wheat	4637.57
Y_2291350_Nalanda_2290008_Nalanda_Wheat	3866.26
Y_2291350_Nalanda_2290009_Nalanda_Wheat	2623.28
Y_2291350_Nalanda_2290010_Nalanda_Wheat	3725.76
Y_2291350_Nalanda_2290011_Nalanda_Wheat	1553.4699999999975
Y_2291350_Nalanda_2290013_Nalanda_Wheat	3042.47
Y_2291350_Nalanda_2290014_Nalanda_Wheat	2686.58
Y_2291350_Nalanda_2290015_Nalanda_Wheat	1764.59
Y_2291350_Nalanda_2290016_Nalanda_Wheat	3393.29
Y_2291350_Nalanda_2290373_Nalanda_Wheat	3500.96
Y_229944_Nalanda_2290011_Nalanda_Wheat	3442.220000000002
Y_229944_Nalanda_2290012_Nalanda_Wheat	3965.45
Y_229944_Nalanda_2290374_Nalanda_Wheat	3689.51
Y_2301391_Patna_2300004_Patna_Wheat	6581.62
Y_2301391_Patna_2300029_Patna_Wheat	2577.26
Y_2301391_Patna_2300030_Patna_Wheat	13322.2
Y_2301391_Patna_2300031_Patna_Wheat	4369.25
Y_2301391_Patna_2300032_Patna_Wheat	5057.19
Y_2301391_Patna_2300033_Patna_Wheat	4998.04
Y_2301391_Patna_2300034_Patna_Wheat	5122.87
Y_2301391_Patna_2300035_Patna_Wheat	4990.73
Y_2301391_Patna_2300036_Patna_Wheat	4294.22
Y_2301391_Patna_2300037_Patna_Wheat	2799.43
Y_2301391_Patna_2300040_Patna_Wheat	3989.46
Y_2301391_Patna_2300041_Patna_Wheat	3017.89
Y_2301391_Patna_2300376_Patna_Wheat	6837.6100000000015
Y_2301391_Patna_2300455_Patna_Wheat	2886.44
Y_230953_Patna_2270371_Lakhisarai_Rice	182.8899999999694
Y_230953_Patna_2270371_Lakhisarai_Wheat	4166.43
Y_230953_Patna_2290343_Nalanda_Wheat	3036.41
Y_230953_Patna_2300027_Patna_Wheat	4988.85
Y_230953_Patna_2300028_Patna_Wheat	5990.68
Y_230953_Patna_2300038_Patna_Wheat	2473.65
Y_230953_Patna_2300386_Patna_Wheat	3326.37
Y_230954_Patna_2190086_Saran_Wheat	3110.88
Y_230954_Patna_2190087_Saran_Wheat	2830.45
Y_230954_Patna_2190096_Saran_Wheat	4688.21
Y_230954_Patna_2300002_Patna_Wheat	6828.97
Y_230954_Patna_2300003_Patna_Wheat	5207.69
Y_230954_Patna_2300376_Patna_Wheat	1161.0599999999986
Y_2311167_Bhojpur_2310182_Bhojpur_Wheat	3199.46
Y_2311167_Bhojpur_2310183_Bhojpur_Wheat	2693.44
Y_2311167_Bhojpur_2310184_Bhojpur_Wheat	1991.38
Y_2311167_Bhojpur_2310185_Bhojpur_Wheat	5896.51
Y_2311167_Bhojpur_2310186_Bhojpur_Wheat	1487.48
Y_2311167_Bhojpur_2310187_Bhojpur_Wheat	3741.34
Y_2311167_Bhojpur_2310188_Bhojpur_Wheat	3709.17
Y_2311167_Bhojpur_2310462_Bhojpur_Wheat	1873.07
Y_2311167_Bhojpur_2310463_Bhojpur_Wheat	1998.63
Y_2311167_Bhojpur_2310464_Bhojpur_Wheat	1998.67
Y_2311167_Bhojpur_2310483_Bhojpur_Wheat	2861.61
Y_231911_Bhojpur_2310181_Bhojpur_Wheat	8577.58
Y_231911_Bhojpur_2310186_Bhojpur_Wheat	1204.12
Y_231911_Bhojpur_2310347_Bhojpur_Wheat	4968.87
Y_2321179_Buxar_2320189A_Buxar_Wheat	519.2
Y_2321179_Buxar_2320189_Buxar_Wheat	1784.41
Y_2321179_Buxar_2320190_Buxar_Wheat	875.08
Y_2321179_Buxar_2320192_Buxar_Wheat	3080.49
Y_2321179_Buxar_2320195_Buxar_Wheat	3171.7800000000016
Y_2321179_Buxar_2320196_Buxar_Wheat	2714.69
Y_2321179_Buxar_2320198_Buxar_Wheat	2932.47
Y_232912_Buxar_2320193_Buxar_Wheat	2404.06
Y_232912_Buxar_2320195_Buxar_Wheat	822.2599999999984
Y_232912_Buxar_2320197_Buxar_Wheat	3137.6
Y_2331260_Kaimur_2330231_Kaimur_Wheat	944.8199999999988
Y_2331260_Kaimur_2330234_Kaimur_Wheat	357.5600000000013
Y_2331261_Kaimur_2330237_Kaimur_Wheat	786.5800000000006
Y_2331261_Kaimur_2330238_Kaimur_Wheat	515.7999999999995
Y_2331262_Kaimur_2330236_Kaimur_Wheat	1302.42
Y_2331264_Kaimur_2330231_Kaimur_Wheat	118.97000000000071
Y_2331264_Kaimur_2330237_Kaimur_Wheat	1183.4099999999994
Y_2331266_Kaimur_2330231_Kaimur_Wheat	1302.38
Y_2331267_Kaimur_2330230_Kaimur_Wheat	13.739999999999782
Y_2331267_Kaimur_2330231_Kaimur_Wheat	20.640000000000327
Y_2331267_Kaimur_2330446_Kaimur_Wheat	1268.0
Y_2331269_Kaimur_2330234_Kaimur_Wheat	1302.38
Y_2331270_Kaimur_2330230_Kaimur_Wheat	1302.38
Y_2331271_Kaimur_2330230_Kaimur_Wheat	70.68000000000006
Y_2331271_Kaimur_2330239_Kaimur_Wheat	1231.7
Y_2331276_Kaimur_2330236_Kaimur_Wheat	309.48999999999955
Y_2331276_Kaimur_2330238_Kaimur_Wheat	992.8900000000006
Y_2331277_Kaimur_2330235_Kaimur_Wheat	697.1299999999999
Y_2331277_Kaimur_2330236_Kaimur_Wheat	605.2500000000002
Y_2331278_Kaimur_2330235_Kaimur_Wheat	1302.38
Y_233922_Kaimur_2330232_Kaimur_Wheat	2994.76
Y_233922_Kaimur_2330233_Kaimur_Rice	207.21999999999957
Y_233922_Kaimur_2330233_Kaimur_Wheat	1960.45
Y_233922_Kaimur_2330234_Kaimur_Wheat	336.85999999999854
Y_2341420_Rohtas_2340055_Rohtas_Wheat	2565.77
Y_2341420_Rohtas_2340057A_Rohtas_Wheat	3228.26
Y_2341420_Rohtas_2340058_Rohtas_Wheat	3245.25
Y_2341420_Rohtas_2340059_Rohtas_Wheat	4807.17
Y_2341420_Rohtas_2340060_Rohtas_Wheat	3561.96
Y_2341420_Rohtas_2340062_Rohtas_Wheat	2387.36
Y_2341420_Rohtas_2340065_Rohtas_Wheat	61.71999999999798
Y_2341420_Rohtas_2340390_Rohtas_Wheat	2383.37
Y_2341420_Rohtas_2340434_Rohtas_Wheat	2049.79
Y_2341420_Rohtas_2340435_Rohtas_Wheat	2352.4
Y_2341420_Rohtas_2340436_Rohtas_Wheat	1235.05
Y_2341420_Rohtas_2340437_Rohtas_Wheat	1304.86
Y_234963_Rohtas_2340056_Rohtas_Wheat	2373.63
Y_234963_Rohtas_2340063_Rohtas_Wheat	1495.66
Y_234963_Rohtas_2340064_Rohtas_Wheat	4473.42
Y_234963_Rohtas_2340065_Rohtas_Wheat	1801.030000000002
Y_234963_Rohtas_2340381_Rohtas_Wheat	1046.86
Y_234963_Rohtas_2340439_Rohtas_Wheat	2268.51
Y_2351254_Jehanabad_2350225_Jehanabad_Wheat	2231.77
Y_2351254_Jehanabad_2350226_Jehanabad_Wheat	2859.13
Y_2351254_Jehanabad_2350227_Jehanabad_Wheat	2558.16
Y_2351254_Jehanabad_2350228_Jehanabad_Wheat	1484.49
Y_2351254_Jehanabad_2350229_Jehanabad_Wheat	2484.2
Y_235921_Jehanabad_2350226_Jehanabad_Wheat	3940.04
Y_235921_Jehanabad_2360132_Arwal_Wheat	2982.83
Y_235921_Jehanabad_2360133_Arwal_Wheat	3745.31
Y_235921_Jehanabad_2360134_Arwal_Wheat	2875.84
Y_2361124_Arwal_2360132_Arwal_Wheat	212.0
Y_2371129_Aurangabad_2370135_Aurangabad_Wheat	4938.16
Y_2371129_Aurangabad_2370136_Aurangabad_Wheat	1890.6
Y_2371129_Aurangabad_2370138_Aurangabad_Wheat	2781.67
Y_2371129_Aurangabad_2370139_Aurangabad_Wheat	3879.31
Y_2371129_Aurangabad_2370140_Aurangabad_Wheat	262.52000000000135
Y_2371129_Aurangabad_2370141_Aurangabad_Wheat	4058.24
Y_2371129_Aurangabad_2370142_Aurangabad_Wheat	2578.59
Y_2371129_Aurangabad_2370143_Aurangabad_Wheat	3001.92
Y_2371129_Aurangabad_2370145_Aurangabad_Wheat	4401.09
Y_237903_Aurangabad_2370137_Aurangabad_Wheat	3197.83
Y_237903_Aurangabad_2370140_Aurangabad_Wheat	3730.029999999999
Y_237903_Aurangabad_2370144_Aurangabad_Wheat	3993.41
Y_237903_Aurangabad_2370145_Aurangabad_Rice	1575.3100000000059
Y_2381206_Gaya_2380351_Gaya_Wheat	3085.439999999996
Y_2381206_Gaya_2380353_Gaya_Wheat	2471.75
Y_2381206_Gaya_2380354_Gaya_Wheat	2287.74
Y_2381206_Gaya_2380356_Gaya_Wheat	3384.58
Y_2381206_Gaya_2380357_Gaya_Wheat	4525.86
Y_2381206_Gaya_2380358_Gaya_Wheat	2269.97
Y_2381206_Gaya_2380359_Gaya_Wheat	2690.14
Y_2381206_Gaya_2380361_Gaya_Wheat	1207.06
Y_2381206_Gaya_2380362_Gaya_Wheat	2585.37
Y_2381206_Gaya_2380363_Gaya_Wheat	2748.01
Y_2381206_Gaya_2380364_Gaya_Wheat	2806.53
Y_2381206_Gaya_2380365_Gaya_Wheat	1989.94
Y_2381206_Gaya_2380366_Gaya_Wheat	3893.37
Y_2381206_Gaya_2380367_Gaya_Wheat	3244.91
Y_2381206_Gaya_2380413_Gaya_Wheat	3326.32
Y_2381206_Gaya_2380441_Gaya_Wheat	1590.02
Y_2381206_Gaya_2380457_Gaya_Wheat	4381.79
Y_238917_Gaya_2380351_Gaya_Wheat	1733.4900000000043
Y_238917_Gaya_2380352_Gaya_Wheat	3451.04
Y_238917_Gaya_2380355_Gaya_Wheat	3404.65
Y_238917_Gaya_2380360_Gaya_Wheat	2611.12
Y_238917_Gaya_2380368_Gaya_Wheat	2552.05
Y_238917_Gaya_2380369_Gaya_Wheat	1995.68
Y_238917_Gaya_2380370_Gaya_Wheat	1433.63
Y_238917_Gaya_2380440_Gaya_Wheat	1997.98
Y_2391367_Nawada_2390016_Nawada_Wheat	3937.68
Y_2391367_Nawada_2390017_Nawada_Wheat	1513.4300000000007
Y_2391367_Nawada_2390018_Nawada_Wheat	3184.64
Y_2391367_Nawada_2390020_Nawada_Wheat	2015.4
Y_2391367_Nawada_2390021_Nawada_Wheat	1996.58
Y_2391367_Nawada_2390022_Nawada_Wheat	4638.79
Y_2391367_Nawada_2390024_Nawada_Wheat	2693.9
Y_2391367_Nawada_2390025_Nawada_Wheat	2635.0
Y_2391367_Nawada_2390428_Nawada_Wheat	2698.87
Y_2391367_Nawada_2390430_Nawada_Wheat	1575.27
Y_239945_Nawada_2280098_Sheikhpura_Wheat	2836.1899999999996
Y_239945_Nawada_2390017_Nawada_Wheat	476.41999999999916
Y_239945_Nawada_2390019_Nawada_Wheat	2120.52
Y_239945_Nawada_2390023_Nawada_Wheat	4031.24
Y_239945_Nawada_2390026_Nawada_Wheat	4148.78
Y_2401241_Jamui_2400217_Jamui_Wheat	3252.59
Y_2401241_Jamui_2400220_Jamui_Wheat	361.28999999999996
Y_2401241_Jamui_2400221_Jamui_Wheat	3621.37
Y_2401241_Jamui_2400224_Jamui_Wheat	4123.07
Y_2401242_Jamui_2400219A_Jamui_Wheat	2899.91
Y_2401242_Jamui_2400219_Jamui_Wheat	1903.04
Y_2401242_Jamui_2400223_Jamui_Wheat	3641.21
Y_2401242_Jamui_2400445_Jamui_Wheat	2914.17
Y_240919_Jamui_2400218_Jamui_Wheat	1990.32
Y_240919_Jamui_2400219_Jamui_Wheat	287.07000000000016
Y_240919_Jamui_2400220_Jamui_Wheat	3369.54
Y_240920_Jamui_2250149_Banka_Rice	406.66999999999734
Y_240920_Jamui_2400216_Jamui_Wheat	1718.87
Y_240920_Jamui_2400222_Jamui_Wheat	2551.49
